mtllib materials.mtl
v -0.1342815 0.0128864 -0.1128329
v -0.103604 0.01278543 -0.06204423
v -0.1172257 0.01300144 -0.04574758
v 0.0177874 0.01230407 -0.1756296
v -0.0005618334 0.01166451 -0.2385509
v -0.000767976 -0.03460646 -0.2381544
v 0.01758125 -0.0339669 -0.175233
v 0.00315991 0.01105857 -0.3164575
v -0.02541289 0.01048708 -0.4238896
v -0.02561903 -0.03578389 -0.423493
v 0.002953768 -0.03521228 -0.3160609
v -0.08526596 0.01027536 -0.4669927
v -0.08547214 -0.03599548 -0.4665961
v -0.1668453 0.01050448 -0.4774511
v -0.1670515 -0.03576624 -0.4770545
v -0.2389905 0.01108706 -0.4379623
v -0.2391967 -0.03518379 -0.4375657
v -0.2741444 0.01180029 -0.3636096
v -0.2743505 -0.03447056 -0.363213
v -0.2721874 0.0123719 -0.2827933
v -0.2723935 -0.03389895 -0.2823967
v -0.2123343 0.01258349 -0.2130744
v -0.2125404 -0.03368735 -0.2126779
v -0.1643434 0.01271808 -0.1704611
v -0.1645495 -0.03355265 -0.1700645
v -0.1344877 -0.03338432 -0.1124363
v 0.04463708 -0.03385198 -0.1181477
v 0.04484323 0.0124191 -0.1185443
v 0.02867565 -0.03359127 -0.1103632
v -0.1174318 -0.03326929 -0.04535097
v -0.1201699 0.01311636 0.01133776
v -0.1023588 -0.03330004 -0.06396481
v -0.120376 -0.03315437 0.01173437
v -0.04413542 0.02282512 -0.1000606
v 0.02888182 0.01267958 -0.1107597
v -0.04434156 -0.02344573 -0.099664
v -0.04840186 0.0124613 -0.105542
v -0.04703805 0.01245451 -0.1054262
v 0.101899 0.01253402 -0.06145892
v 0.1016929 -0.03373694 -0.06106237
v -0.135784 0.02085114 -0.4236665
v -0.1844209 0.02101648 -0.4101874
v -0.192691 0.01683629 -0.4242288
v -0.1359479 0.01664329 -0.4399545
v -0.1987963 0.005068183 -0.4345858
v -0.1361191 0.004855037 -0.451956
v -0.2011009 -0.01113451 -0.4384831
v -0.1362517 -0.01135516 -0.4564552
v -0.1989874 -0.02743042 -0.4348765
v -0.1363102 -0.02764356 -0.4522468
v -0.193022 -0.03945291 -0.4247324
v -0.1362789 -0.03964591 -0.4404581
v -0.1848032 -0.04398072 -0.4107689
v -0.1361662 -0.04414606 -0.424248
v -0.1765331 -0.03980041 -0.3967274
v -0.1360023 -0.03993833 -0.4079601
v -0.1704278 -0.0280323 -0.3863705
v -0.1358311 -0.02814996 -0.3959586
v -0.1681231 -0.01182961 -0.3824732
v -0.1356985 -0.01193988 -0.3914593
v -0.1702367 0.004466295 -0.3860798
v -0.13564 0.004348636 -0.3956679
v -0.1762021 0.01648879 -0.3962239
v -0.1356713 0.01635098 -0.4074565
v -0.2198033 0.02090263 -0.3741965
v -0.2339705 0.01670337 -0.3822395
v -0.2443927 0.004921317 -0.3882052
v -0.2482775 -0.0112865 -0.3904952
v -0.2445838 -0.02757728 -0.388496
v -0.2343014 -0.03958583 -0.3827431
v -0.2201855 -0.04409456 -0.374778
v -0.2060184 -0.03989542 -0.3667351
v -0.1955962 -0.02811337 -0.3607693
v -0.1917114 -0.01190555 -0.3584793
v -0.1954051 0.004385233 -0.3604786
v -0.2056874 0.0163939 -0.3662315
v -0.2324504 0.02053988 -0.3253377
v -0.2487254 0.01628017 -0.3252375
v -0.2606907 0.004453897 -0.325242
v -0.2651402 -0.01177013 -0.3253501
v -0.2608818 -0.0280447 -0.3255328
v -0.2490565 -0.04000902 -0.3257411
v -0.2328327 -0.04445732 -0.3259192
v -0.2165577 -0.04019773 -0.3260194
v -0.2045923 -0.02837145 -0.3260148
v -0.2001428 -0.01214743 -0.3259068
v -0.2044013 0.004127145 -0.3257241
v -0.2162267 0.01609159 -0.3255158
v -0.2189735 0.02002549 -0.2767026
v -0.2330024 0.01568007 -0.2684965
v -0.2433234 0.003791094 -0.2625672
v -0.2471711 -0.01245594 -0.2605033
v -0.2435145 -0.02870762 -0.2628579
v -0.2333333 -0.04060912 -0.2690001
v -0.2193558 -0.0449717 -0.2772841
v -0.2053269 -0.04062629 -0.2854901
v -0.1950059 -0.02873731 -0.2914194
v -0.1911582 -0.01249027 -0.2934833
v -0.1948148 0.003761292 -0.2911287
v -0.2049959 0.01566291 -0.2849865
v -0.1829838 0.01949728 -0.2413229
v -0.1910142 0.01506388 -0.2272203
v -0.1969442 0.003110409 -0.2169743
v -0.1991847 -0.01316023 -0.2133304
v -0.1971353 -0.02938819 -0.217265
v -0.1913453 -0.04122531 -0.2277239
v -0.1833659 -0.04549992 -0.2419044
v -0.1753354 -0.04106641 -0.2560071
v -0.1694055 -0.02911294 -0.266253
v -0.167165 -0.01284242 -0.2698969
v -0.1692144 0.003385663 -0.2659623
v -0.1750044 0.01522279 -0.2555035
v -0.1341244 0.01909685 -0.2286786
v -0.1340117 0.0145967 -0.2124686
v -0.1339805 0.002594352 -0.2006799
v -0.1340389 -0.01369405 -0.1964714
v -0.1341715 -0.02990425 -0.2009707
v -0.1343427 -0.0416925 -0.2129722
v -0.1345066 -0.04590034 -0.2292601
v -0.1346193 -0.04140019 -0.2454702
v -0.1346506 -0.02939785 -0.2572588
v -0.1345921 -0.01310933 -0.2614674
v -0.1344595 0.003100753 -0.2569681
v -0.1342883 0.01488912 -0.2449666
v -0.08548748 0.01893151 -0.2421578
v -0.07726863 0.0144037 -0.2281943
v -0.07130322 0.002381206 -0.2180502
v -0.06918967 -0.0139147 -0.2144436
v -0.07149431 -0.03011739 -0.2183409
v -0.07759964 -0.0418855 -0.2286979
v -0.0858697 -0.04606569 -0.2427393
v -0.09408855 -0.041538 -0.2567028
v -0.100054 -0.0295155 -0.2668469
v -0.1021675 -0.01321959 -0.2704535
v -0.09986287 0.002983093 -0.2665561
v -0.09375754 0.0147512 -0.2561992
v -0.05010515 0.01904535 -0.2781487
v -0.03598922 0.01453662 -0.2701836
v -0.02570683 0.002528071 -0.2644307
v -0.02201319 -0.01376271 -0.2624315
v -0.02589795 -0.02997053 -0.2647215
v -0.03632024 -0.04175258 -0.2706872
v -0.05048734 -0.04595184 -0.2787302
v -0.06460327 -0.04144311 -0.2866952
v -0.07488561 -0.02943444 -0.2924481
v -0.07857925 -0.01314366 -0.2944474
v -0.07469451 0.003064156 -0.2921574
v -0.06427222 0.01484621 -0.2861916
v -0.037458 0.01940811 -0.3270075
v -0.02123424 0.01495981 -0.3271856
v -0.009408832 0.002995491 -0.3273939
v -0.005150437 -0.01327908 -0.3275765
v -0.009599924 -0.02950311 -0.3276846
v -0.02156523 -0.04132938 -0.3276892
v -0.03784022 -0.04558909 -0.327589
v -0.05406401 -0.04114079 -0.3274109
v -0.06588942 -0.02917635 -0.3272026
v -0.07014787 -0.01290178 -0.3270199
v -0.0656983 0.003322244 -0.3269119
v -0.05373299 0.01514852 -0.3269073
v -0.05093494 0.01992249 -0.3756426
v -0.03695732 0.01555991 -0.3839266
v -0.02677616 0.003658295 -0.3900687
v -0.02311957 -0.01259327 -0.3924233
v -0.02696729 -0.0288403 -0.3903595
v -0.03728831 -0.04072928 -0.3844302
v -0.05131716 -0.0450747 -0.3762241
v -0.06529477 -0.04071212 -0.3679402
v -0.07547587 -0.0288105 -0.361798
v -0.07913247 -0.01255894 -0.3594433
v -0.07528475 0.003688097 -0.3615072
v -0.06496373 0.01557708 -0.3674366
v -0.08692476 0.02045071 -0.4110223
v -0.07894546 0.0161761 -0.4252029
v -0.0731554 0.00433898 -0.4356617
v -0.07110608 -0.01188898 -0.4395963
v -0.07334653 -0.02815962 -0.4359525
v -0.07927647 -0.04011309 -0.4257065
v -0.08730698 -0.04454648 -0.4116038
v -0.09528628 -0.040272 -0.3974232
v -0.1010763 -0.02843487 -0.3869644
v -0.1031257 -0.01220679 -0.3830298
v -0.1008852 0.004063725 -0.3866737
v -0.09495527 0.01601732 -0.3969196
v -0.1354911 0.02044797 -0.3788
v -0.1616812 0.02053702 -0.3715417
v -0.1661345 0.01828611 -0.3791027
v -0.1355794 0.01818216 -0.3875708
v -0.1694221 0.01194918 -0.3846798
v -0.1356716 0.01183438 -0.3940333
v -0.1706631 0.003224254 -0.3867784
v -0.135743 0.003105521 -0.3964561
v -0.169525 -0.005550742 -0.3848363
v -0.1357745 -0.005665541 -0.3941899
v -0.1663128 -0.01202476 -0.3793739
v -0.1357576 -0.01212859 -0.3878419
v -0.161887 -0.01446283 -0.3718548
v -0.1356969 -0.01455188 -0.3791131
v -0.1574338 -0.0122118 -0.3642937
v -0.1356087 -0.01228607 -0.3703423
v -0.1541462 -0.005874872 -0.3587167
v -0.1355165 -0.005938292 -0.3638797
v -0.1529052 0.002849936 -0.3566181
v -0.1354451 0.00279057 -0.3614569
v -0.1540433 0.01162505 -0.3585601
v -0.1354136 0.01156163 -0.3637232
v -0.1572555 0.01809895 -0.3640226
v -0.1354304 0.01802468 -0.3700711
v -0.180734 0.02047575 -0.3521612
v -0.1883628 0.01821446 -0.3564922
v -0.193975 0.01187003 -0.3597047
v -0.1960669 0.003142476 -0.3609378
v -0.1940779 -0.005629897 -0.3598612
v -0.188541 -0.01209629 -0.3567634
v -0.1809399 -0.0145241 -0.3524744
v -0.1733111 -0.01226294 -0.3481434
v -0.1676989 -0.005918503 -0.3449309
v -0.165607 0.002809048 -0.3436978
v -0.167596 0.01158142 -0.3447744
v -0.1731329 0.01804781 -0.3478722
v -0.1875443 0.02028036 -0.3258516
v -0.1963081 0.01798666 -0.3257976
v -0.2027512 0.01161838 -0.3258001
v -0.2051472 0.002882004 -0.3258583
v -0.2028541 -0.005881548 -0.3259566
v -0.1964864 -0.01232421 -0.3260688
v -0.1877501 -0.01471949 -0.3261647
v -0.1789863 -0.01242578 -0.3262187
v -0.1725432 -0.006057501 -0.3262162
v -0.1701472 0.002678871 -0.326158
v -0.1724403 0.01144242 -0.3260596
v -0.1788081 0.01788509 -0.3259475
v -0.1802872 0.02000344 -0.2996624
v -0.1878415 0.01766348 -0.2952436
v -0.1933992 0.01126146 -0.2920508
v -0.1954711 0.002512693 -0.2909394
v -0.1935021 -0.006238461 -0.2922073
v -0.1880197 -0.01264727 -0.2955148
v -0.180493 -0.01499653 -0.2999755
v -0.1729388 -0.01265657 -0.3043944
v -0.167381 -0.006254554 -0.3075872
v -0.1653091 0.002494216 -0.3086986
v -0.1672782 0.01124537 -0.3074307
v -0.1727605 0.01765418 -0.3041232
v -0.1609073 0.019719 -0.2806111
v -0.1652316 0.01733172 -0.273017
v -0.1684248 0.01089489 -0.2674998
v -0.1696312 0.002133489 -0.2655376
v -0.1685277 -0.006605029 -0.2676563
v -0.1654099 -0.01297915 -0.2732882
v -0.1611131 -0.01528084 -0.2809242
v -0.1567888 -0.01289356 -0.2885182
v -0.1535957 -0.006456852 -0.2940355
v -0.1523892 0.002304673 -0.2959977
v -0.1534927 0.01104307 -0.293879
v -0.1566106 0.01741719 -0.2882471
v -0.1345975 0.01950336 -0.2738024
v -0.1345368 0.01708007 -0.2650735
v -0.1345199 0.01061702 -0.2587256
v -0.1345514 0.001845956 -0.2564594
v -0.1346228 -0.006882906 -0.2588821
v -0.134715 -0.01323068 -0.2653447
v -0.1348033 -0.01549649 -0.2741155
v -0.1348639 -0.01307321 -0.2828443
v -0.1348808 -0.006610155 -0.2891923
v -0.1348493 0.002160907 -0.2914585
v -0.1347779 0.01088977 -0.2890357
v -0.1346857 0.01723754 -0.2825732
v -0.1084073 0.01941431 -0.2810607
v -0.1039816 0.01697624 -0.2735416
v -0.1007693 0.01050222 -0.2680792
v -0.09963122 0.001727223 -0.2661371
v -0.1008722 -0.006997705 -0.2682357
v -0.1041598 -0.01333463 -0.2738128
v -0.1086131 -0.01558554 -0.2813738
v -0.1130388 -0.01314747 -0.2888929
v -0.1162511 -0.006673574 -0.2943553
v -0.1173892 0.002101541 -0.2962974
v -0.1161482 0.01082635 -0.2941988
v -0.1128606 0.01716328 -0.2886217
v -0.08935452 0.01947558 -0.3004411
v -0.08175334 0.01704776 -0.2961521
v -0.07621646 0.01058137 -0.2930543
v -0.07422748 0.001809001 -0.2919777
v -0.07631937 -0.006918669 -0.2932108
v -0.08193159 -0.01326299 -0.2964233
v -0.08956033 -0.01552427 -0.3007542
v -0.0971615 -0.01309633 -0.3050433
v -0.1026984 -0.006629944 -0.3081411
v -0.1046873 0.002142429 -0.3092177
v -0.1025955 0.01086998 -0.3079846
v -0.09698325 0.01721442 -0.3047721
v -0.08254427 0.01967096 -0.3267508
v -0.07380804 0.01727569 -0.3268467
v -0.06744027 0.01083302 -0.3269588
v -0.06514719 0.002069473 -0.3270572
v -0.06754318 -0.006666899 -0.3271154
v -0.07398629 -0.01303518 -0.3271178
v -0.08275008 -0.01532888 -0.3270639
v -0.0914863 -0.01293361 -0.326968
v -0.09785408 -0.006490946 -0.3268558
v -0.1001472 0.002272606 -0.3267575
v -0.09775117 0.01100898 -0.3266993
v -0.09130806 0.01737726 -0.3266968
v -0.08980134 0.01994789 -0.3529399
v -0.08227465 0.01759875 -0.3574007
v -0.07679227 0.01118994 -0.3607081
v -0.07482326 0.002438784 -0.3619761
v -0.07689518 -0.006309986 -0.3608647
v -0.08245289 -0.012712 -0.3576719
v -0.09000716 -0.01505196 -0.353253
v -0.09753388 -0.0127027 -0.3487923
v -0.1030162 -0.006293893 -0.3454848
v -0.1049852 0.002457261 -0.3442169
v -0.1029133 0.01120603 -0.3453283
v -0.0973556 0.01760805 -0.3485211
v -0.1091813 0.02023232 -0.3719913
v -0.1048845 0.01793063 -0.3796273
v -0.1017667 0.01155651 -0.3852592
v -0.1006632 0.002817988 -0.3873779
v -0.1018696 -0.005943418 -0.3854157
v -0.1050628 -0.01238024 -0.3798984
v -0.1093871 -0.01476753 -0.3723044
v -0.1136838 -0.01246572 -0.3646684
v -0.1168016 -0.006091595 -0.3590365
v -0.1179052 0.002646804 -0.3569178
v -0.1166987 0.01140833 -0.35888
v -0.1135055 0.01784503 -0.3643972
v -0.1751435 0.02497482 -0.3264615
v -0.1697845 0.02497482 -0.3064615
v -0.1697845 -0.04502511 -0.3064615
v -0.1751435 -0.04502511 -0.3264615
v -0.1551434 0.02497482 -0.2918204
v -0.1551434 -0.04502511 -0.2918204
v -0.1351434 0.02497482 -0.2864614
v -0.1351434 -0.04502511 -0.2864614
v -0.1151434 0.02497482 -0.2918204
v -0.1151434 -0.04502511 -0.2918204
v -0.1005024 0.02497482 -0.3064615
v -0.1005024 -0.04502511 -0.3064615
v -0.09514344 0.02497482 -0.3264615
v -0.09514344 -0.04502511 -0.3264615
v -0.1005024 0.02497482 -0.3464615
v -0.1005024 -0.04502511 -0.3464615
v -0.1151434 0.02497482 -0.3611025
v -0.1151434 -0.04502511 -0.3611025
v -0.1351434 0.02497482 -0.3664615
v -0.1351434 -0.04502511 -0.3664615
v -0.1551434 0.02497482 -0.3611025
v -0.1551434 -0.04502511 -0.3611025
v -0.1697845 0.02497482 -0.3464615
v -0.1697845 -0.04502511 -0.3464615
v -0.1254468 0.02932262 0.000600189
v -0.1093699 0.02932262 0.06060019
v -0.1093698 -0.05502498 0.06060013
v -0.1254467 -0.05502498 0.0006001592
v -0.06544682 0.02932262 0.1045233
v -0.06544676 -0.05502498 0.1045232
v -0.005446821 0.02932262 0.1206002
v -0.005446792 -0.05502498 0.1206001
v 0.05455318 0.02932262 0.1045233
v 0.05455321 -0.05502498 0.1045232
v 0.09847625 0.02932262 0.06060022
v 0.09847625 -0.05502498 0.06060019
v 0.1145532 0.02932262 0.0006002188
v 0.1145532 -0.05502498 0.0006001592
v 0.09847623 0.02932262 -0.05939981
v 0.09847625 -0.05502498 -0.05939984
v 0.05455321 0.02932262 -0.1033229
v 0.05455321 -0.05502498 -0.1033228
v -0.005446792 0.02932262 -0.1193998
v -0.005446762 -0.05502498 -0.1193998
v -0.06544679 0.02932262 -0.1033228
v -0.06544673 -0.05502498 -0.1033229
v -0.1093699 0.02932262 -0.05939981
v -0.1093698 -0.05502498 -0.05939981
v 0.1545697 0.01532102 -0.05991778
v 0.09550592 0.01500475 -0.05426234
v 0.08672458 0.01393867 -0.07357374
v 0.1452341 0.02482486 0.1040677
v 0.2098929 0.0254693 0.1147929
v 0.2100675 -0.0207355 0.1173019
v 0.1454088 -0.02137983 0.1065768
v 0.2784859 0.02781916 0.1518487
v 0.3876844 0.02958131 0.1726088
v 0.387859 -0.01662338 0.1751178
v 0.2786605 -0.01838553 0.1543577
v 0.4524742 0.02780545 0.1374032
v 0.4526488 -0.01839924 0.1399122
v 0.4972631 0.02418911 0.06851557
v 0.4974377 -0.02201545 0.07102457
v 0.4929517 0.01964211 -0.01349276
v 0.4931263 -0.02656257 -0.01098379
v 0.4411869 0.01590097 -0.07729739
v 0.4413614 -0.0303036 -0.07478839
v 0.3675103 0.01370716 -0.1104997
v 0.3676848 -0.03249741 -0.1079907
v 0.2787373 0.01453936 -0.08679694
v 0.2789119 -0.03166509 -0.08428791
v 0.2195321 0.01564288 -0.06204677
v 0.2197067 -0.03056169 -0.05953774
v 0.1547443 -0.03088343 -0.05740878
v 0.08223918 -0.02189112 0.1062392
v 0.08206457 0.02431381 0.1037302
v 0.07214186 -0.02273166 0.07849893
v 0.08689913 -0.0322659 -0.07106474
v 0.03178963 0.01098621 -0.1148388
v 0.09713751 -0.03085768 -0.0494577
v 0.03196412 -0.03521836 -0.1123298
v 0.102991 0.01982009 0.01998833
v 0.07196724 0.02347291 0.07598993
v 0.1031657 -0.02638459 0.02249736
v 0.1107726 0.01907623 0.01421964
v 0.110077 0.01913583 0.01539701
v 0.01734594 0.01945102 0.1221176
v 0.01536432 -0.02163053 0.1222663
v 0.4352334 0.0342139 0.07257435
v 0.4441715 0.03138769 0.02298212
v 0.4604494 0.02728617 0.02186927
v 0.4500216 0.03058338 0.0797269
v 0.4725413 0.01559281 0.02158162
v 0.461023 0.0192349 0.0854899
v 0.4772073 -0.0005589724 0.02219614
v 0.4652897 0.003209352 0.08831909
v 0.473197 -0.01684141 0.02354819
v 0.4616787 -0.01319933 0.08745649
v 0.4615851 -0.02889168 0.0252755
v 0.4511573 -0.02559447 0.08313313
v 0.4454829 -0.03348088 0.02691528
v 0.4365448 -0.03065467 0.07650754
v 0.429205 -0.02937937 0.0280281
v 0.4217566 -0.02702427 0.06935495
v 0.4171132 -0.01768613 0.02831578
v 0.4107552 -0.01567578 0.06359199
v 0.4124472 -0.001534343 0.02770129
v 0.4064884 0.0003498793 0.06076276
v 0.4164575 0.0147481 0.02634922
v 0.4100996 0.01675856 0.06162539
v 0.4280694 0.02679849 0.02462187
v 0.4206209 0.02915359 0.06594875
v 0.427081 0.02816939 -0.02439746
v 0.4405105 0.02353144 -0.03340688
v 0.4505172 0.01144552 -0.03947529
v 0.4544199 -0.004849911 -0.04097667
v 0.4511729 -0.0209887 -0.03750873
v 0.4416462 -0.0326463 -0.03000066
v 0.4283924 -0.03669918 -0.0204643
v 0.4149629 -0.03206134 -0.01145488
v 0.4049563 -0.0199753 -0.005386472
v 0.4010535 -0.003679872 -0.00388512
v 0.4043006 0.01245892 -0.007353067
v 0.4138273 0.02411652 -0.01486114
v 0.3885413 0.02542138 -0.05686909
v 0.3955475 0.02032554 -0.07129043
v 0.400852 0.007904291 -0.08132064
v 0.4030336 -0.008513927 -0.08427209
v 0.4015077 -0.02452993 -0.07935405
v 0.3966832 -0.03585231 -0.06788421
v 0.3898527 -0.03944719 -0.05293593
v 0.3828465 -0.03435123 -0.03851455
v 0.377542 -0.0219301 -0.02848434
v 0.3753604 -0.005511761 -0.02553284
v 0.3768863 0.01050425 -0.03045094
v 0.3817109 0.02182662 -0.04192078
v 0.338879 0.02388012 -0.06573197
v 0.3376082 0.01852727 -0.08163044
v 0.3368535 0.005918026 -0.09274206
v 0.3368173 -0.01056898 -0.09608933
v 0.3375092 -0.0265162 -0.09077546
v 0.3387438 -0.03765059 -0.07822421
v 0.3401904 -0.04098845 -0.06179881
v 0.3414613 -0.03563571 -0.04590029
v 0.342216 -0.02302647 -0.03478876
v 0.3422522 -0.006539345 -0.03144145
v 0.3415603 0.009407878 -0.03675532
v 0.3403256 0.02054214 -0.04930654
v 0.2914012 0.02395833 -0.04861137
v 0.2822174 0.01861858 -0.06165642
v 0.27567 0.006018877 -0.07067913
v 0.2735135 -0.01046467 -0.07326183
v 0.2763257 -0.02641535 -0.06871253
v 0.2833531 -0.03755927 -0.05825019
v 0.2927126 -0.04091024 -0.04467818
v 0.3018965 -0.0355705 -0.03163311
v 0.3084438 -0.0229708 -0.02261043
v 0.3106003 -0.006487131 -0.0200277
v 0.3077881 0.009463549 -0.02457699
v 0.3007608 0.02060735 -0.03503937
v 0.2588294 0.02563524 -0.01009464
v 0.2442169 0.02057505 -0.01672027
v 0.2336956 0.008179903 -0.0210436
v 0.2300845 -0.008228779 -0.02190623
v 0.2343512 -0.02425432 -0.019077
v 0.2453526 -0.03560281 -0.01331404
v 0.2601408 -0.03923333 -0.006161481
v 0.2747533 -0.03417301 0.0004641414
v 0.2852747 -0.02177799 0.004787475
v 0.2888858 -0.005369186 0.005650103
v 0.284619 0.01065636 0.002820879
v 0.2736176 0.02200484 -0.002942085
v 0.2498913 0.02846146 0.03949761
v 0.2337892 0.02387226 0.04113737
v 0.2221772 0.01182199 0.04286471
v 0.218167 -0.004460454 0.04421678
v 0.2228329 -0.02061224 0.04483128
v 0.2349249 -0.0323056 0.04454359
v 0.2512027 -0.03640711 0.04343078
v 0.2673049 -0.03181791 0.04179099
v 0.2789168 -0.01976752 0.04006368
v 0.2829271 -0.003485084 0.03871161
v 0.2782611 0.0126667 0.03809708
v 0.2661692 0.02435994 0.0383848
v 0.2669818 0.03167975 0.08687714
v 0.2537281 0.02762687 0.09641352
v 0.2442013 0.01596928 0.1039216
v 0.2409543 -0.0001695156 0.1073895
v 0.244857 -0.01646495 0.1058882
v 0.2548638 -0.02855086 0.09981975
v 0.2682932 -0.03318882 0.09081033
v 0.281547 -0.02913594 0.08127394
v 0.2910737 -0.01747835 0.07376593
v 0.2943207 -0.001339555 0.07029799
v 0.290418 0.01495588 0.07179934
v 0.2804113 0.02704191 0.07786778
v 0.3055216 0.03442776 0.1193488
v 0.2986911 0.03083289 0.1342971
v 0.2938665 0.01951051 0.1457669
v 0.2923406 0.003494501 0.150685
v 0.2945222 -0.01292372 0.1477335
v 0.2998268 -0.02534497 0.1377033
v 0.3068329 -0.03044081 0.1232819
v 0.3136634 -0.02684605 0.1083336
v 0.318488 -0.01552367 0.09686378
v 0.3200139 0.0004923344 0.09194568
v 0.3178323 0.01691067 0.09489724
v 0.3125277 0.0293318 0.1049274
v 0.3551838 0.03596902 0.1282116
v 0.3566304 0.03263116 0.1446371
v 0.3578651 0.02149677 0.1571883
v 0.358557 0.00554955 0.1625022
v 0.3585207 -0.01093745 0.1591549
v 0.3577661 -0.0235467 0.1480433
v 0.3564952 -0.02889955 0.1321448
v 0.3550486 -0.02556157 0.1157194
v 0.353814 -0.0144273 0.1031682
v 0.3531221 0.001519918 0.09785435
v 0.3531583 0.01800704 0.1012016
v 0.3539129 0.03061628 0.1123132
v 0.4026617 0.03589082 0.111091
v 0.4120213 0.03253984 0.124663
v 0.4190486 0.02139592 0.1351254
v 0.4218608 0.005445242 0.1396747
v 0.4197043 -0.0110383 0.137092
v 0.4131569 -0.02363801 0.1280693
v 0.4039731 -0.02897775 0.1150242
v 0.3946135 -0.02562678 0.1014522
v 0.3875862 -0.01448298 0.09098986
v 0.384774 0.001467824 0.08644053
v 0.3869305 0.01795137 0.08902326
v 0.3934779 0.03055108 0.09804597
v 0.3946815 0.03223526 0.05347231
v 0.3994945 0.03071332 0.02676773
v 0.4082599 0.02850473 0.0261685
v 0.4026447 0.03028035 0.05732381
v 0.4147712 0.02220809 0.02601358
v 0.4085687 0.02416933 0.06042707
v 0.4172837 0.0135107 0.02634451
v 0.4108663 0.01553988 0.06195056
v 0.4151242 0.004742861 0.02707258
v 0.4089218 0.006704092 0.06148607
v 0.4088714 -0.001746058 0.02800268
v 0.4032562 2.944469E-05 0.05915803
v 0.4002007 -0.004217267 0.02888566
v 0.3953877 -0.002695322 0.05559024
v 0.3914353 -0.002008677 0.0294849
v 0.3874245 -0.0007404089 0.05173871
v 0.3849241 0.004287958 0.02963981
v 0.3815004 0.005370498 0.04863545
v 0.3824115 0.01298547 0.02930892
v 0.3792028 0.01400006 0.04711196
v 0.384571 0.02175331 0.02858084
v 0.3811474 0.02283585 0.04757649
v 0.3908238 0.02824211 0.02765071
v 0.386813 0.02951038 0.04990453
v 0.3902916 0.02898037 0.001254648
v 0.3975231 0.02648294 -0.003596753
v 0.4029116 0.01997495 -0.006864488
v 0.4050131 0.01120007 -0.007672966
v 0.4032646 0.002509594 -0.005805522
v 0.3981346 -0.003767848 -0.001762569
v 0.3909977 -0.005950212 0.00337261
v 0.3837662 -0.003452778 0.00822401
v 0.3783778 0.003055334 0.01149175
v 0.3762762 0.01183009 0.01230019
v 0.3780247 0.02052057 0.01043278
v 0.3831547 0.02679801 0.006389827
v 0.3695386 0.02750063 -0.01623076
v 0.3733113 0.02475667 -0.02399638
v 0.3761677 0.01806808 -0.02939749
v 0.3773425 0.009227037 -0.03098679
v 0.3765208 0.0006027222 -0.02833852
v 0.3739229 -0.005494118 -0.0221622
v 0.3702448 -0.007429957 -0.0141128
v 0.3664721 -0.004685879 -0.00634715
v 0.3636157 0.002002716 -0.0009460747
v 0.3624409 0.01084363 0.0006432831
v 0.3632626 0.01946807 -0.002005041
v 0.3658605 0.02556491 -0.008181363
v 0.3427964 0.02667069 -0.02100328
v 0.342112 0.02378833 -0.02956432
v 0.3417057 0.01699841 -0.0355477
v 0.3416861 0.008120418 -0.03735018
v 0.3420587 -0.0004668236 -0.03448874
v 0.3427235 -0.006462455 -0.02773011
v 0.3435025 -0.008259892 -0.01888531
v 0.3441868 -0.005377531 -0.01032424
v 0.3445932 0.001412272 -0.004340857
v 0.3446127 0.01029038 -0.002538413
v 0.3442402 0.01887763 -0.005399823
v 0.3435753 0.02487326 -0.01215845
v 0.3172304 0.02671278 -0.01178411
v 0.312285 0.02383745 -0.01880863
v 0.3087594 0.01705277 -0.02366722
v 0.3075981 0.008176684 -0.02505797
v 0.3091124 -0.0004125834 -0.02260825
v 0.3128966 -0.006413341 -0.01697445
v 0.3179365 -0.008217812 -0.009666175
v 0.3228819 -0.005342364 -0.002641618
v 0.3264075 0.001442313 0.002216935
v 0.3275688 0.0103184 0.00360769
v 0.3260544 0.01890755 0.001157969
v 0.3222703 0.02490842 -0.004475832
v 0.299691 0.02761579 0.008956462
v 0.2918225 0.02489102 0.005388707
v 0.2861569 0.01821637 0.003060669
v 0.2842124 0.009380579 0.00259617
v 0.28651 0.0007511377 0.004119635
v 0.292434 -0.005359888 0.007222891
v 0.3003972 -0.007314801 0.01107442
v 0.3082657 -0.004589915 0.01464221
v 0.3139313 0.002084613 0.01697025
v 0.3158759 0.01092041 0.01743475
v 0.3135782 0.01954997 0.01591125
v 0.3076542 0.02566087 0.012808
v 0.294878 0.02913773 0.03566104
v 0.2862073 0.02666652 0.03654402
v 0.2799544 0.0201776 0.03747416
v 0.277795 0.01140976 0.03820223
v 0.2803075 0.002712369 0.03853315
v 0.2868188 -0.003584266 0.03837821
v 0.2955842 -0.005792856 0.03777897
v 0.3042549 -0.003321648 0.03689599
v 0.3105077 0.003167152 0.03596586
v 0.3126672 0.011935 0.03523779
v 0.3101546 0.02063251 0.03490689
v 0.3036434 0.02692914 0.03506181
v 0.304081 0.03087068 0.06117412
v 0.2969441 0.02868831 0.06630927
v 0.2918141 0.02241087 0.07035223
v 0.2900656 0.01372039 0.07221967
v 0.2921671 0.004945517 0.07141122
v 0.2975556 -0.001562476 0.06814346
v 0.3047871 -0.004059911 0.06329206
v 0.311924 -0.001877546 0.05815688
v 0.317054 0.004399896 0.05411392
v 0.3188025 0.01309037 0.05224651
v 0.3167009 0.02186513 0.05305496
v 0.3113125 0.02837324 0.05632269
v 0.3248339 0.03235042 0.0786595
v 0.3211558 0.03041458 0.08670893
v 0.3185579 0.02431774 0.09288523
v 0.3177362 0.01569343 0.09553346
v 0.318911 0.006852388 0.09394416
v 0.3217674 0.0001637936 0.08854309
v 0.3255401 -0.002580166 0.08077744
v 0.3292182 -0.0006444454 0.07272804
v 0.3318161 0.005452394 0.06655174
v 0.3326378 0.01407683 0.06390342
v 0.331463 0.02291775 0.06549278
v 0.3286066 0.02960634 0.07089385
v 0.3515762 0.03318036 0.08343199
v 0.3523552 0.03138292 0.09227684
v 0.35302 0.02538729 0.09903547
v 0.3533925 0.01680005 0.1018969
v 0.3533731 0.007922053 0.1000944
v 0.3529667 0.001132131 0.094111
v 0.3522823 -0.001750231 0.08554998
v 0.3515034 4.720688E-05 0.07670513
v 0.3508385 0.006042838 0.06994656
v 0.350466 0.01463008 0.06708512
v 0.3504855 0.02350819 0.06888756
v 0.3508918 0.03029799 0.07487097
v 0.3771422 0.03313828 0.07421285
v 0.3821822 0.0313338 0.08152112
v 0.3859663 0.02533305 0.08715495
v 0.3874806 0.01674378 0.08960465
v 0.3863194 0.007867694 0.08821389
v 0.3827937 0.001083016 0.08335534
v 0.3778484 -0.001792312 0.07633078
v 0.3728084 1.204014E-05 0.06902251
v 0.3690243 0.006012917 0.06338871
v 0.36751 0.01460207 0.06093898
v 0.3686712 0.02347815 0.06232974
v 0.3721969 0.03026283 0.06718832
v 0.3646672 0.03284872 -0.005101383
v 0.3443221 0.03241658 -0.008923829
v 0.3449917 -0.03744578 -0.004588246
v 0.3653367 -0.03701353 -0.0007658303
v 0.324782 0.03265405 -0.002079576
v 0.3254515 -0.03720832 0.002256006
v 0.3112824 0.03349757 0.01359749
v 0.3119519 -0.03636479 0.01793307
v 0.3074407 0.03472114 0.0339067
v 0.3081102 -0.03514123 0.03824228
v 0.3142862 0.03599679 0.05340621
v 0.3149558 -0.03386545 0.05774176
v 0.3299847 0.03698289 0.06687111
v 0.3306543 -0.03287947 0.07120669
v 0.3503298 0.03741515 0.07069358
v 0.3509993 -0.03244722 0.07502916
v 0.36987 0.03717768 0.06384933
v 0.3705395 -0.03268468 0.06818488
v 0.3833695 0.03633416 0.04817227
v 0.384039 -0.03352821 0.05250782
v 0.3872112 0.03511059 0.02786309
v 0.3878807 -0.03475177 0.03219864
v 0.3803657 0.03383482 0.008363545
v 0.3810352 -0.03602755 0.01269913
v -0.02752239 0.02417052 0.1757204
v -0.0006934702 0.02093112 0.1128967
v 0.02034497 0.02096558 0.1258225
v -0.1613191 0.02078331 0.08003506
v -0.2049782 0.02334118 0.1288566
v -0.2052624 -0.02287185 0.1311962
v -0.1616033 -0.02542973 0.08237466
v -0.2730339 0.02576351 0.1668857
v -0.3490291 0.03055346 0.2478805
v -0.3493133 -0.01565957 0.2502201
v -0.2733181 -0.02044952 0.1692253
v -0.3538947 0.03419578 0.3213882
v -0.3541788 -0.01201725 0.3237278
v -0.3195612 0.03771925 0.3960435
v -0.3198454 -0.008493662 0.3983831
v -0.247856 0.03923893 0.4363012
v -0.2481402 -0.006973982 0.4386408
v -0.166168 0.03817403 0.4267842
v -0.1664522 -0.008038878 0.4291238
v -0.09865224 0.03539968 0.3824068
v -0.09893644 -0.01081324 0.3847463
v -0.07121292 0.03067839 0.29484
v -0.07149711 -0.01553452 0.2971795
v -0.06048232 0.02739644 0.2316488
v -0.06076652 -0.01881635 0.2339883
v -0.02780658 -0.02204239 0.1780599
v -0.1275128 -0.02858126 0.02928349
v -0.1272286 0.01763189 0.02694389
v -0.1124541 -0.02807486 0.03868625
v 0.02006081 -0.02524734 0.128162
v 0.08425647 0.01880181 0.1008379
v -0.003708541 -0.02505386 0.1152207
v 0.08397225 -0.01741099 0.1031775
v -0.07290858 0.02082467 0.09785572
v -0.1121699 0.01813817 0.03634664
v -0.07319278 -0.02538836 0.1001953
v -0.06682265 0.0204283 0.09910354
v -0.06744677 0.02036881 0.09788683
v -0.1094325 0.01340783 -0.05116251
v -0.1097167 -0.0328052 -0.04882294
v -0.2902297 0.04477727 0.3407761
v -0.2530394 0.04610765 0.3748699
v -0.260635 0.04279363 0.3895107
v -0.3040236 0.04124165 0.3497347
v -0.2663716 0.03167725 0.40076
v -0.3142977 0.0299629 0.3568242
v -0.2687122 0.01573694 0.4056033
v -0.3182991 0.01396322 0.360145
v -0.2670295 -0.0007560253 0.4027431
v -0.3149557 -0.002470374 0.3588074
v -0.2617745 -0.01338232 0.3929457
v -0.3051631 -0.0149343 0.3531696
v -0.2543553 -0.01875889 0.3788362
v -0.2915455 -0.02008915 0.3447424
v -0.2467597 -0.01544487 0.3641953
v -0.2777515 -0.01655352 0.3357839
v -0.2410231 -0.004328489 0.3529461
v -0.2674774 -0.005274773 0.3286944
v -0.2386825 0.01161182 0.3481027
v -0.263476 0.0107249 0.3253736
v -0.2403651 0.02810478 0.3509629
v -0.2668195 0.0271585 0.3267112
v -0.2456201 0.04073107 0.3607604
v -0.276612 0.03962255 0.3323489
v -0.2037795 0.04577994 0.3858527
v -0.2031651 0.04241133 0.4023241
v -0.2028916 0.03125489 0.4149133
v -0.2030323 0.01530004 0.4202472
v -0.2035495 -0.001178265 0.4168965
v -0.2043047 -0.01376462 0.405759
v -0.2050954 -0.01908648 0.3898191
v -0.2057098 -0.01571798 0.3733477
v -0.2059833 -0.004561543 0.3607585
v -0.2058426 0.01139331 0.3554246
v -0.2053254 0.02787173 0.3587753
v -0.2045702 0.04045808 0.3699128
v -0.1556491 0.04388201 0.3707819
v -0.147013 0.04019713 0.3847414
v -0.1408672 0.02880919 0.3954919
v -0.1388585 0.01276958 0.4001527
v -0.1415251 -0.003624082 0.397475
v -0.1481525 -0.01597881 0.3881764
v -0.156965 -0.02098441 0.3747482
v -0.1656011 -0.01729953 0.3607887
v -0.1717469 -0.005911589 0.3500382
v -0.1737556 0.01012814 0.3453774
v -0.171089 0.02652168 0.348055
v -0.1644616 0.03887653 0.3573537
v -0.1215447 0.04092252 0.3336955
v -0.1072246 0.03674448 0.3414739
v -0.09691772 0.02499533 0.3476996
v -0.09338596 0.008823514 0.3507042
v -0.09757563 -0.007437944 0.3496828
v -0.1083641 -0.01943159 0.3449089
v -0.1228606 -0.0239439 0.3376618
v -0.1371808 -0.01976585 0.3298834
v -0.1474876 -0.008016706 0.3236577
v -0.1510194 0.008155107 0.3206531
v -0.1468297 0.02441645 0.3216746
v -0.1360412 0.03641021 0.3264484
v -0.1106046 0.03769433 0.2845309
v -0.09446105 0.03297818 0.2841153
v -0.0828194 0.02083528 0.2843424
v -0.0787991 0.004519343 0.2851514
v -0.08347732 -0.01159799 0.2863255
v -0.09560061 -0.02319777 0.2875502
v -0.1119204 -0.02717209 0.2884972
v -0.128064 -0.02245593 0.2889129
v -0.1397056 -0.01031303 0.2886858
v -0.143726 0.006003022 0.2878768
v -0.1390477 0.02212024 0.2867026
v -0.1269245 0.03372014 0.2854779
v -0.1257601 0.03506255 0.2364616
v -0.1121424 0.0299077 0.2280345
v -0.1023499 0.01744378 0.2223967
v -0.09900647 0.00101018 0.2210591
v -0.1030079 -0.0149895 0.2243799
v -0.113282 -0.02626824 0.2314694
v -0.1270759 -0.02980387 0.240428
v -0.1406936 -0.02464914 0.2488552
v -0.1504861 -0.0121851 0.2544929
v -0.1538296 0.0042485 0.2558306
v -0.1498282 0.02024817 0.2525097
v -0.1395541 0.03152692 0.2454202
v -0.1629503 0.0337323 0.2023679
v -0.1555311 0.02835572 0.1882584
v -0.1502761 0.01572943 0.1784609
v -0.1485935 -0.0007635355 0.1756007
v -0.150934 -0.01670384 0.1804442
v -0.1566706 -0.02782023 0.1916934
v -0.1642662 -0.03113425 0.2063343
v -0.1716855 -0.02575767 0.2204438
v -0.1769404 -0.01313138 0.2302411
v -0.1786231 0.003361583 0.2331014
v -0.1762825 0.01930189 0.228258
v -0.1705459 0.03041828 0.2170087
v -0.2122102 0.03405988 0.1913851
v -0.213001 0.02873802 0.1754451
v -0.2137561 0.01615167 0.1643076
v -0.2142733 -0.0003266335 0.1609569
v -0.214414 -0.0162816 0.1662908
v -0.2141405 -0.02743793 0.1788801
v -0.2135261 -0.03080654 0.1953514
v -0.2127354 -0.02548468 0.2112913
v -0.2119802 -0.01289833 0.2224288
v -0.211463 0.003580093 0.2257795
v -0.2113223 0.01953495 0.2204456
v -0.2115958 0.03069139 0.2078564
v -0.2603406 0.03595781 0.2064559
v -0.2691531 0.03095222 0.1930278
v -0.2757805 0.01859748 0.1837291
v -0.2784471 0.002203822 0.1810515
v -0.2764384 -0.01383579 0.1857122
v -0.2702926 -0.02522373 0.1964627
v -0.2616565 -0.02890861 0.2104222
v -0.252844 -0.02390301 0.2238504
v -0.2462166 -0.01154828 0.2331491
v -0.2435499 0.004845262 0.2358268
v -0.2455587 0.02088499 0.2311659
v -0.2517045 0.03227293 0.2204154
v -0.294445 0.0389173 0.2435423
v -0.3089415 0.03440499 0.2362952
v -0.31973 0.02241123 0.2315213
v -0.3239196 0.006149888 0.2304999
v -0.3203879 -0.01002192 0.2335045
v -0.310081 -0.02177107 0.2397301
v -0.2957608 -0.02594912 0.2475086
v -0.2812643 -0.02143681 0.2547557
v -0.2704759 -0.009443045 0.2595296
v -0.2662862 0.006818295 0.2605509
v -0.2698179 0.02299011 0.2575463
v -0.2801248 0.03473926 0.2513207
v -0.3053851 0.04214549 0.2927069
v -0.321705 0.03817117 0.2936539
v -0.3338283 0.02657139 0.2948786
v -0.3385065 0.01045406 0.2960528
v -0.3344862 -0.005861878 0.2968618
v -0.3228446 -0.01800478 0.2970889
v -0.3067009 -0.02272093 0.2966733
v -0.2903811 -0.01874661 0.2957262
v -0.2782578 -0.007146835 0.2945016
v -0.2735797 0.00897038 0.2933274
v -0.2775999 0.02528644 0.2925184
v -0.2892416 0.03742933 0.2922913
v -0.2523382 0.04254544 0.3168486
v -0.2323119 0.04326177 0.3352076
v -0.236402 0.04147732 0.3430913
v -0.259766 0.04064155 0.3216726
v -0.2394911 0.03549123 0.3491489
v -0.2652985 0.03456819 0.3254903
v -0.2407514 0.02690768 0.351757
v -0.2674531 0.02595258 0.3272785
v -0.2398454 0.01802659 0.3502168
v -0.2656527 0.01710343 0.3265581
v -0.2370156 0.01122749 0.344941
v -0.2603797 0.01039171 0.3235224
v -0.2330205 0.008332372 0.3373433
v -0.2530468 0.007616043 0.3189844
v -0.2289304 0.01011682 0.3294595
v -0.245619 0.009519935 0.3141604
v -0.2258413 0.01610291 0.323402
v -0.2400865 0.01559329 0.3103428
v -0.2245809 0.02468646 0.3207938
v -0.2379318 0.0242089 0.3085546
v -0.2254871 0.03356755 0.3223341
v -0.2397323 0.03305805 0.3092749
v -0.2283168 0.04036665 0.3276098
v -0.2450054 0.03976965 0.3123107
v -0.2057863 0.04308534 0.3411216
v -0.2054555 0.04127145 0.3499911
v -0.2053082 0.0352639 0.3567702
v -0.205384 0.02667248 0.3596424
v -0.2056625 0.01779914 0.3578381
v -0.2060691 0.01102161 0.3518408
v -0.2064949 0.008155942 0.3432574
v -0.2068257 0.009969831 0.3343879
v -0.206973 0.01597738 0.3276088
v -0.2068973 0.0245688 0.3247366
v -0.2066187 0.03344202 0.3265409
v -0.2062121 0.04021966 0.3325382
v -0.1798689 0.04206336 0.3330062
v -0.1752185 0.04007912 0.3405232
v -0.1719092 0.03394687 0.3463121
v -0.1708275 0.0253098 0.3488218
v -0.1722634 0.01648211 0.34738
v -0.1758322 0.009829283 0.3423729
v -0.1805775 0.007133961 0.335142
v -0.1852279 0.009118199 0.3276251
v -0.1885374 0.01525033 0.3218361
v -0.189619 0.02388752 0.3193263
v -0.1881831 0.03271508 0.3207682
v -0.1846143 0.03936791 0.3257754
v -0.1615043 0.04046977 0.3130358
v -0.1537932 0.03821993 0.3172244
v -0.1482431 0.03189325 0.3205768
v -0.1463413 0.02318501 0.3221947
v -0.1485974 0.0144285 0.3216447
v -0.1544068 0.007970095 0.3190741
v -0.1622129 0.005540252 0.3151716
v -0.1699241 0.007790089 0.3109831
v -0.1754741 0.01411676 0.3076307
v -0.1773759 0.022825 0.3060127
v -0.1751199 0.03158152 0.3065628
v -0.1693105 0.03803992 0.3091334
v -0.1556132 0.03873146 0.2865616
v -0.1469202 0.03619182 0.2863378
v -0.1406514 0.02965307 0.28646
v -0.1384866 0.02086723 0.2868957
v -0.1410057 0.01218832 0.2875279
v -0.1475339 0.005941987 0.2881874
v -0.1563218 0.003801942 0.2886974
v -0.1650149 0.006341577 0.2889212
v -0.1712837 0.01288033 0.2887989
v -0.1734485 0.02166617 0.2883632
v -0.1709294 0.03034496 0.287731
v -0.1644012 0.03659129 0.2870715
v -0.1637743 0.03731418 0.2606771
v -0.1564413 0.03453851 0.2561392
v -0.1511683 0.02782679 0.2531034
v -0.1493679 0.01897764 0.2523831
v -0.1515225 0.01036203 0.2541713
v -0.157055 0.004288673 0.2579889
v -0.1644828 0.002384782 0.2628129
v -0.1718157 0.00516057 0.2673508
v -0.1770887 0.01187217 0.2703866
v -0.1788892 0.02072132 0.2711069
v -0.1767345 0.02933693 0.2693187
v -0.171202 0.03541028 0.2655011
v -0.1838005 0.03659785 0.2423182
v -0.1798054 0.03370273 0.2347205
v -0.1769757 0.02690363 0.2294447
v -0.1760696 0.01802254 0.2279046
v -0.17733 0.009438872 0.2305126
v -0.180419 0.003452897 0.2365701
v -0.1845091 0.001668453 0.244454
v -0.1885042 0.00456357 0.2520517
v -0.1913339 0.01136267 0.2573275
v -0.1922401 0.02024376 0.2588677
v -0.1909797 0.02882731 0.2562596
v -0.1878906 0.0348134 0.250202
v -0.2103261 0.03677428 0.2364042
v -0.2107519 0.03390861 0.2278208
v -0.2111585 0.02713108 0.2218234
v -0.211437 0.01825774 0.2200191
v -0.2115128 0.009666324 0.2228913
v -0.2113655 0.003658772 0.2296704
v -0.2110347 0.001844883 0.23854
v -0.2106089 0.004710674 0.2471233
v -0.2102023 0.0114882 0.2531206
v -0.2099237 0.02036142 0.254925
v -0.209848 0.02895284 0.2520528
v -0.2099953 0.03496039 0.2452737
v -0.2362435 0.03779626 0.2445195
v -0.2409889 0.03510094 0.2372887
v -0.2445576 0.02844799 0.2322815
v -0.2459935 0.01962042 0.2308397
v -0.2449118 0.01098335 0.2333495
v -0.2416025 0.004851103 0.2391384
v -0.2369521 0.002866864 0.2466553
v -0.2322067 0.005562305 0.2538862
v -0.2286379 0.01221514 0.2588933
v -0.227202 0.0210427 0.2603352
v -0.2282836 0.02967989 0.2578255
v -0.2315931 0.03581202 0.2520365
v -0.2546081 0.03938997 0.2644899
v -0.2624142 0.03696012 0.2605875
v -0.2682236 0.03050172 0.2580169
v -0.2704797 0.0217452 0.2574668
v -0.2685779 0.01303697 0.2590847
v -0.2630278 0.006710291 0.2624371
v -0.2553167 0.004460454 0.2666257
v -0.2475106 0.006890297 0.2705281
v -0.2417011 0.0133487 0.2730987
v -0.2394451 0.02210522 0.2736488
v -0.2413469 0.03081346 0.2720309
v -0.2468969 0.03714013 0.2686785
v -0.2604992 0.04112828 0.2909642
v -0.2692872 0.03898823 0.2914742
v -0.2758153 0.0327419 0.2921337
v -0.2783344 0.02406299 0.2927659
v -0.2761696 0.01527715 0.2932015
v -0.2699008 0.008738399 0.2933238
v -0.2612078 0.006198764 0.2931
v -0.2524198 0.008338928 0.2925901
v -0.2458916 0.01458526 0.2919306
v -0.2433725 0.02326405 0.2912984
v -0.2455373 0.03204989 0.2908627
v -0.2518061 0.03858876 0.2907404
v -0.186879 0.04633927 0.3225772
v -0.1727542 0.04533994 0.3074706
v -0.1738581 -0.02455914 0.3110626
v -0.187983 -0.02355969 0.3261692
v -0.1680897 0.04423118 0.2873279
v -0.1691936 -0.02566779 0.2909198
v -0.1741355 0.04331005 0.267546
v -0.1752394 -0.02658892 0.271138
v -0.1892716 0.04282355 0.2534258
v -0.1903755 -0.02707541 0.2570178
v -0.2094422 0.04290187 0.2487505
v -0.2105461 -0.02699721 0.2523425
v -0.2292427 0.04352403 0.2547731
v -0.2303467 -0.02637494 0.2583651
v -0.2433676 0.04452336 0.2698797
v -0.2444715 -0.0253756 0.2734716
v -0.2480321 0.04563212 0.2900225
v -0.249136 -0.02426684 0.2936144
v -0.2419863 0.04655325 0.3098043
v -0.2430902 -0.02334571 0.3133962
v -0.2268502 0.04703975 0.3239245
v -0.2279541 -0.02285922 0.3275165
v -0.2066796 0.04696155 0.3285997
v -0.2077835 -0.02293754 0.3321917
v -0.1454469 0.06338036 0.0006001294
v -0.1266905 0.06338024 0.07060009
v -0.1266904 0.03497481 0.0706
v -0.1454468 0.03497493 0.00060004
v -0.07544693 0.06338012 0.1218438
v -0.07544684 0.03497469 0.1218436
v -0.005446941 0.06338012 0.1406002
v -0.005446881 0.03497469 0.1406001
v 0.06455308 0.06338012 0.1218438
v 0.06455308 0.03497469 0.1218436
v 0.1157967 0.06338024 0.07060024
v 0.1157967 0.03497469 0.07060012
v 0.1345531 0.06338036 0.0006002188
v 0.1345531 0.03497493 0.0006000996
v 0.1157967 0.06338048 -0.06939983
v 0.1157967 0.03497505 -0.06939992
v 0.06455314 0.0633806 -0.1206434
v 0.06455317 0.03497517 -0.1206435
v -0.005446851 0.0633806 -0.1393998
v -0.005446792 0.03497517 -0.1393999
v -0.07544684 0.06338072 -0.1206434
v -0.07544678 0.03497517 -0.1206435
v -0.1266905 0.0633806 -0.06939986
v -0.1266904 0.03497505 -0.06939992
v -0.1454468 -0.04502523 0.01060012
v -0.1266904 -0.04502535 0.08060008
v -0.1266903 -0.07343078 0.08059999
v -0.1454467 -0.07343066 0.01060003
v -0.07544684 -0.04502547 0.1318438
v -0.07544678 -0.0734309 0.1318435
v -0.005446851 -0.04502547 0.1506001
v -0.005446792 -0.07343102 0.1506
v 0.06455314 -0.04502547 0.1318438
v 0.06455317 -0.0734309 0.1318435
v 0.1157968 -0.04502535 0.08060017
v 0.1157968 -0.0734309 0.08060005
v 0.1345532 -0.04502523 0.01060015
v 0.1345532 -0.07343066 0.01060003
v 0.1157967 -0.04502511 -0.0593999
v 0.1157968 -0.07343054 -0.05939999
v 0.06455317 -0.04502499 -0.1106434
v 0.0645532 -0.07343042 -0.1106435
v -0.005446821 -0.04502499 -0.1293999
v -0.005446762 -0.07343042 -0.1293999
v -0.07544681 -0.04502487 -0.1106434
v -0.07544672 -0.07343042 -0.1106436
v -0.1266904 -0.04502499 -0.05939987
v -0.1266904 -0.07343054 -0.05939993
vn 0.01058557 0.9999343 -0.004405934
vn 0.9600085 -0.006675855 -0.2798914
vn 0.9663926 -0.006508389 -0.2569885
vn 0.584379 -0.009558707 -0.8114246
vn 0.1271286 -0.009067794 -0.9918448
vn -0.4801612 -0.00537882 -0.8771638
vn -0.9040455 0.0003643142 -0.4274361
vn -0.9996969 0.004661029 0.02417574
vn -0.7587335 0.008963155 0.6513395
vn -0.6639559 0.009366448 0.7477131
vn 0.003438337 0.9999678 -0.007252095
vn -0.003438999 -0.9999678 0.007252338
vn -0.8865981 0.007913561 0.4624729
vn 0.9988512 -0.004040902 0.04774836
vn 0.9036227 -0.007695732 -0.4282602
vn -0.01246826 -0.9998909 0.007922251
vn -0.9691504 0.006429646 0.2463862
vn 0.9741128 0.007230459 0.2259468
vn 0.1460415 0.007827481 0.9892475
vn 0.1201538 -0.9896925 -0.07792185
vn 0.07919457 -0.9764184 0.2008365
vn 0.004758809 0.9999862 0.002250697
vn -0.01303873 0.9892197 -0.1458576
vn -0.5595445 0.00959561 0.8287448
vn 0.5213735 0.06636793 0.8507438
vn 0.01245548 0.9998911 -0.007918254
vn 5.871709E-05 -0.9999986 0.001699855
vn -0.1334619 -0.9906423 0.02856169
vn 0.005040012 0.9999868 -0.001055293
vn 0.707269 -0.009208909 -0.7068847
vn -0.9986643 0.004007492 -0.05151412
vn 0.01433233 0.9998965 -0.001273676
vn 0.01030974 0.999871 -0.01231724
vn 0.0004758169 -0.9999979 0.002037626
vn -0.01031896 -0.9998708 0.01232853
vn -0.06571168 0.9662806 -0.2489655
vn -0.1879744 0.7020372 -0.6868838
vn -0.2570341 0.2604133 -0.9306548
vn -0.2599808 -0.2406804 -0.935138
vn -0.1961447 -0.687377 -0.6993141
vn -0.07704395 -0.9608321 -0.2662066
vn 0.06571158 -0.9662806 0.2489654
vn 0.1879747 -0.7020364 0.6868847
vn 0.2570343 -0.2604159 0.930654
vn 0.2599809 0.2406833 0.9351372
vn 0.1961447 0.6873761 0.6993149
vn 0.07704372 0.9608322 0.2662062
vn -0.1849466 0.9663537 -0.1787607
vn -0.5088055 0.702234 -0.4979804
vn -0.6888664 0.2606785 -0.6763948
vn -0.6918131 -0.2404164 -0.6808779
vn -0.5169756 -0.6871806 -0.5104107
vn -0.1962789 -0.960759 -0.1960018
vn 0.1849466 -0.9663537 0.1787607
vn 0.5088063 -0.702233 0.4979811
vn 0.688866 -0.2606798 0.6763946
vn 0.6918126 0.2404179 0.6808778
vn 0.5169762 0.6871797 0.5104113
vn 0.1962786 0.9607592 0.1960016
vn -0.253107 0.9656772 -0.05834727
vn -0.6922086 0.7004134 -0.1739782
vn -0.9357227 0.2582281 -0.2402942
vn -0.9386694 -0.2428661 -0.2447772
vn -0.7003788 -0.6890004 -0.1864086
vn -0.2644392 -0.9614356 -0.07558835
vn 0.2531072 -0.9656771 0.05834725
vn 0.6922092 -0.7004127 0.1739783
vn 0.9357222 -0.25823 0.2402942
vn 0.9386688 0.242868 0.2447774
vn 0.7003793 0.6889998 0.1864085
vn 0.264439 0.9614356 0.07558822
vn -0.2519294 0.9644325 0.08001032
vn -0.6890398 0.6970642 0.198307
vn -0.9314578 0.25372 0.2607921
vn -0.9344045 -0.2473741 0.2563091
vn -0.69721 -0.6923499 0.1858764
vn -0.2632617 -0.9626803 0.06276925
vn 0.2519295 -0.9644325 -0.08001024
vn 0.6890404 -0.6970636 -0.1983071
vn 0.9314572 -0.2537221 -0.2607923
vn 0.9344038 0.2473763 -0.2563092
vn 0.6972107 0.6923491 -0.1858763
vn 0.2632616 0.9626803 -0.062769
vn -0.1817295 0.9629529 0.199239
vn -0.5001487 0.6930838 0.5191208
vn -0.6772144 0.248363 0.6926013
vn -0.6801612 -0.2527336 0.6881182
vn -0.508319 -0.6963311 0.5066902
vn -0.1930617 -0.9641597 0.1819979
vn 0.1817294 -0.962953 -0.1992388
vn 0.5001495 -0.6930826 -0.5191215
vn 0.6772144 -0.2483631 -0.6926012
vn 0.6801611 0.2527339 -0.6881181
vn 0.5083194 0.6963304 -0.5066906
vn 0.1930615 0.9641598 -0.1819976
vn -0.06131688 0.9616352 0.2673914
vn -0.176149 0.6895375 0.7025024
vn -0.2411173 0.2435892 0.939429
vn -0.244064 -0.2575055 0.9349459
vn -0.1843193 -0.6998766 0.6900718
vn -0.07264914 -0.9654776 0.2501504
vn 0.06131676 -0.9616352 -0.2673914
vn 0.1761491 -0.6895368 -0.7025031
vn 0.2411174 -0.2435913 -0.9394283
vn 0.2440642 0.2575073 -0.9349453
vn 0.1843193 0.699876 -0.6900725
vn 0.07264887 0.9654776 -0.2501501
vn 0.07704398 0.9608321 0.2662064
vn 0.1961449 0.6873764 0.6993146
vn 0.2599809 0.2406809 0.9351378
vn 0.2570342 -0.2604136 0.9306548
vn 0.1879745 -0.7020372 0.6868839
vn 0.06571168 -0.9662806 0.2489653
vn -0.07704391 -0.9608321 -0.2662065
vn -0.196145 -0.6873758 -0.6993151
vn -0.259981 -0.2406827 -0.9351373
vn -0.2570343 0.2604153 -0.9306542
vn -0.1879746 0.7020365 -0.6868846
vn -0.06571157 0.9662808 -0.248965
vn 0.1962788 0.960759 0.1960018
vn 0.5169759 0.6871805 0.5104107
vn 0.6918132 0.2404171 0.6808776
vn 0.6888666 -0.2606787 0.6763945
vn 0.5088054 -0.7022344 0.49798
vn 0.1849467 -0.9663537 0.1787607
vn -0.196279 -0.960759 -0.1960018
vn -0.5169765 -0.6871793 -0.5104114
vn -0.691813 -0.2404176 -0.6808776
vn -0.6888663 0.2606794 -0.6763945
vn -0.5088062 0.7022333 -0.4979808
vn -0.1849465 0.9663537 -0.1787605
vn 0.2644393 0.9614356 0.07558838
vn 0.7003789 0.6890002 0.1864087
vn 0.9386693 0.2428661 0.2447774
vn 0.9357227 -0.258228 0.2402942
vn 0.6922083 -0.7004136 0.1739781
vn 0.253107 -0.9656772 0.05834729
vn -0.2644394 -0.9614355 -0.07558836
vn -0.7003796 -0.6889995 -0.1864088
vn -0.9386689 -0.2428681 -0.2447774
vn -0.9357221 0.25823 -0.2402943
vn -0.6922091 0.700413 -0.1739781
vn -0.2531069 0.9656773 -0.05834716
vn 0.2632616 0.9626803 -0.06276918
vn 0.6972103 0.6923495 -0.1858764
vn 0.9344045 0.2473742 -0.256309
vn 0.9314578 -0.25372 -0.260792
vn 0.6890397 -0.6970643 -0.1983068
vn 0.2519294 -0.9644325 -0.08001026
vn -0.2632618 -0.9626803 0.06276918
vn -0.6972109 -0.6923488 0.1858765
vn -0.934404 -0.2473761 0.256309
vn -0.9314573 0.253722 0.260792
vn -0.6890404 0.6970637 0.1983068
vn -0.2519293 0.9644325 0.08001013
vn 0.1930616 0.9641598 -0.1819976
vn 0.5083194 0.6963305 -0.5066904
vn 0.6801612 0.2527333 -0.6881183
vn 0.6772146 -0.2483623 -0.6926014
vn 0.5001489 -0.6930834 -0.5191209
vn 0.1817293 -0.962953 -0.1992387
vn -0.1930619 -0.9641597 0.1819979
vn -0.5083197 -0.6963301 0.5066909
vn -0.6801611 -0.2527338 0.6881182
vn -0.6772144 0.2483631 0.6926013
vn -0.5001492 0.6930829 0.5191213
vn -0.1817293 0.962953 0.1992388
vn 0.07264896 0.9654776 -0.25015
vn 0.1843192 0.699876 -0.6900725
vn 0.2440638 0.257505 -0.934946
vn 0.2411172 -0.2435888 -0.9394291
vn 0.1761488 -0.6895372 -0.7025027
vn 0.06131672 -0.9616352 -0.2673911
vn -0.07264905 -0.9654775 0.2501506
vn -0.1843191 -0.6998761 0.6900724
vn -0.2440638 -0.2575071 0.9349454
vn -0.2411171 0.2435911 0.9394286
vn -0.1761488 0.6895368 0.7025031
vn -0.06131668 0.9616353 0.2673911
vn -0.06571176 0.9662805 -0.2489656
vn -0.1879744 0.702037 -0.686884
vn -0.257034 0.260413 -0.930655
vn -0.2599806 -0.2406806 -0.935138
vn -0.1961447 -0.6873767 -0.6993143
vn -0.07704398 -0.9608321 -0.2662066
vn 0.06571165 -0.9662806 0.2489653
vn 0.1879748 -0.7020363 0.6868846
vn 0.2570344 -0.2604162 0.930654
vn 0.2599811 0.2406833 0.9351371
vn 0.1961448 0.6873761 0.6993149
vn 0.07704369 0.9608323 0.266206
vn -0.1849466 0.9663537 -0.1787608
vn -0.5088055 0.702234 -0.4979804
vn -0.6888664 0.2606785 -0.6763948
vn -0.6918131 -0.2404163 -0.680878
vn -0.5169758 -0.6871805 -0.5104107
vn -0.196279 -0.960759 -0.1960019
vn 0.1849465 -0.9663537 0.1787607
vn 0.5088062 -0.702233 0.497981
vn 0.6888659 -0.2606801 0.6763946
vn 0.6918126 0.2404182 0.6808778
vn 0.5169764 0.6871796 0.5104113
vn 0.1962786 0.9607592 0.1960014
vn -0.2531071 0.9656772 -0.05834729
vn -0.6922089 0.7004131 -0.1739781
vn -0.9357226 0.2582284 -0.2402941
vn -0.9386693 -0.2428663 -0.244777
vn -0.700379 -0.6890001 -0.1864086
vn -0.2644393 -0.9614356 -0.07558838
vn 0.2531072 -0.9656772 0.05834723
vn 0.6922091 -0.7004128 0.1739784
vn 0.9357221 -0.2582303 0.2402944
vn 0.9386688 0.2428683 0.2447774
vn 0.7003794 0.6889997 0.1864087
vn 0.2644387 0.9614357 0.07558815
vn -0.2519296 0.9644324 0.08001033
vn -0.68904 0.6970641 0.1983069
vn -0.9314579 0.2537197 0.260792
vn -0.9344046 -0.2473739 0.2563088
vn -0.6972101 -0.6923498 0.1858763
vn -0.2632619 -0.9626803 0.06276925
vn 0.2519294 -0.9644325 -0.08001021
vn 0.6890404 -0.6970636 -0.1983071
vn 0.931457 -0.2537226 -0.2607926
vn 0.9344037 0.2473768 -0.2563093
vn 0.6972106 0.6923492 -0.1858765
vn 0.2632612 0.9626805 -0.06276894
vn -0.1817296 0.9629529 0.199239
vn -0.5001487 0.6930838 0.5191207
vn -0.6772146 0.2483624 0.6926013
vn -0.6801612 -0.2527331 0.6881182
vn -0.5083188 -0.6963314 0.50669
vn -0.1930618 -0.9641597 0.1819979
vn 0.1817293 -0.962953 -0.1992388
vn 0.5001493 -0.6930829 -0.5191213
vn 0.6772144 -0.2483632 -0.6926012
vn 0.6801611 0.2527341 -0.688118
vn 0.5083194 0.6963305 -0.5066906
vn 0.1930613 0.9641599 -0.1819974
vn -0.06131691 0.9616351 0.2673915
vn -0.1761489 0.6895373 0.7025025
vn -0.2411171 0.243589 0.9394291
vn -0.2440638 -0.2575051 0.9349461
vn -0.1843192 -0.6998765 0.6900719
vn -0.07264917 -0.9654776 0.2501504
vn 0.06131677 -0.9616352 -0.2673914
vn 0.1761492 -0.6895368 -0.7025031
vn 0.2411176 -0.2435917 -0.9394283
vn 0.2440643 0.2575077 -0.9349451
vn 0.1843194 0.6998761 -0.6900725
vn 0.07264884 0.9654778 -0.2501498
vn 0.07704395 0.9608321 0.2662065
vn 0.1961448 0.6873761 0.6993148
vn 0.2599809 0.2406805 0.9351379
vn 0.2570342 -0.2604128 0.9306549
vn 0.1879744 -0.702037 0.686884
vn 0.06571169 -0.9662806 0.2489654
vn -0.07704393 -0.9608321 -0.2662065
vn -0.1961451 -0.6873758 -0.6993151
vn -0.2599811 -0.2406832 -0.9351371
vn -0.2570344 0.2604161 -0.930654
vn -0.1879747 0.7020365 -0.6868845
vn -0.06571147 0.9662808 -0.2489648
vn 0.196279 0.9607591 0.1960017
vn 0.5169759 0.6871806 0.5104104
vn 0.6918133 0.2404164 0.6808776
vn 0.6888667 -0.260678 0.6763947
vn 0.5088055 -0.7022344 0.4979797
vn 0.1849467 -0.9663537 0.1787607
vn -0.196279 -0.960759 -0.1960018
vn -0.5169765 -0.6871795 -0.5104113
vn -0.6918129 -0.2404178 -0.6808777
vn -0.6888661 0.2606796 -0.6763946
vn -0.5088062 0.7022332 -0.4979808
vn -0.1849463 0.9663538 -0.1787603
vn 0.2644393 0.9614356 0.0755884
vn 0.7003793 0.6889999 0.1864087
vn 0.9386693 0.2428664 0.2447772
vn 0.9357228 -0.2582283 0.240294
vn 0.6922085 -0.7004135 0.1739781
vn 0.253107 -0.9656772 0.05834731
vn -0.2644394 -0.9614355 -0.07558835
vn -0.7003795 -0.6889995 -0.1864089
vn -0.9386688 -0.2428683 -0.2447775
vn -0.9357221 0.2582303 -0.2402943
vn -0.6922091 0.7004129 -0.1739783
vn -0.2531066 0.9656774 -0.0583471
vn 0.2632616 0.9626803 -0.06276921
vn 0.6972106 0.6923492 -0.1858764
vn 0.9344045 0.2473745 -0.2563089
vn 0.9314578 -0.2537202 -0.2607918
vn 0.6890399 -0.6970641 -0.1983069
vn 0.2519295 -0.9644325 -0.08001027
vn -0.2632617 -0.9626803 0.06276917
vn -0.6972109 -0.6923488 0.1858766
vn -0.9344038 -0.2473764 0.2563091
vn -0.9314573 0.2537222 0.2607921
vn -0.6890405 0.6970635 0.198307
vn -0.251929 0.9644325 0.08001005
vn 0.1930617 0.9641598 -0.1819977
vn 0.5083192 0.6963308 -0.5066903
vn 0.6801612 0.2527332 -0.6881182
vn 0.6772146 -0.2483621 -0.6926014
vn 0.5001487 -0.6930839 -0.5191206
vn 0.1817293 -0.962953 -0.1992388
vn -0.1930619 -0.9641597 0.181998
vn -0.5083194 -0.6963302 0.5066908
vn -0.6801609 -0.2527336 0.6881183
vn -0.6772143 0.2483628 0.6926014
vn -0.5001491 0.6930829 0.5191214
vn -0.1817291 0.962953 0.1992386
vn 0.07264897 0.9654776 -0.2501502
vn 0.1843191 0.6998761 -0.6900725
vn 0.2440636 0.2575048 -0.9349462
vn 0.241117 -0.2435888 -0.9394292
vn 0.1761487 -0.6895374 -0.7025026
vn 0.06131679 -0.9616352 -0.2673913
vn -0.07264902 -0.9654776 0.2501504
vn -0.1843193 -0.6998761 0.6900724
vn -0.244064 -0.2575071 0.9349454
vn -0.2411173 0.2435911 0.9394285
vn -0.1761491 0.6895368 0.7025031
vn -0.06131659 0.9616353 0.2673908
vn -0.9659257 -3.335635E-10 0.2588194
vn -0.7071072 -5.95726E-09 0.7071064
vn -0.258819 8.92345E-08 0.9659259
vn 0.2588191 1.045929E-07 0.9659259
vn 0.7071067 -5.957263E-09 0.7071069
vn 0.9659262 1.049606E-09 0.258818
vn 0.9659261 1.028753E-09 -0.258818
vn 0.7071068 -2.856646E-08 -0.7071068
vn 0.258819 -3.927831E-08 -0.9659259
vn -0.2588191 3.438855E-08 -0.9659258
vn -0.7071065 3.625422E-08 -0.7071072
vn -0.9659257 -3.750564E-10 -0.2588196
vn 1.439675E-08 1 1.716226E-15
vn -9.099708E-09 -1 -1.08477E-15
vn -0.9659258 -1.105251E-06 0.2588193
vn -0.7071072 -1.537859E-06 0.7071065
vn -0.2588185 -9.352094E-07 0.9659259
vn 0.2588185 -6.820268E-07 0.965926
vn 0.7071067 -6.593166E-07 0.7071069
vn 0.9659259 -4.20254E-08 0.2588191
vn 0.9659259 3.667745E-07 -0.2588191
vn 0.7071067 1.537845E-07 -0.7071069
vn 0.258819 1.210417E-07 -0.9659258
vn -0.258819 1.736203E-07 -0.9659259
vn -0.7071065 -4.828199E-07 -0.7071071
vn -0.9659259 -8.375802E-07 -0.2588187
vn 1.850076E-08 1 -7.903252E-09
vn -3.188674E-08 -1 3.617467E-08
vn -0.01018309 0.9986719 -0.05050523
vn -0.163922 0.05287144 0.9850555
vn -0.1873288 0.05255643 0.9808903
vn 0.4779107 0.04942916 0.8770167
vn 0.8387123 0.0326869 0.5435929
vn 0.9986179 0.0009196197 -0.05255079
vn 0.7770852 -0.03119929 -0.6286217
vn 0.4115697 -0.04786651 -0.9101204
vn -0.2580662 -0.05335759 -0.9646527
vn -0.3860001 -0.05147435 -0.9210616
vn -0.004520224 0.9984369 -0.0557073
vn 0.004520292 -0.998437 0.05570659
vn -0.0324375 -0.05431623 -0.9979967
vn -0.4760191 0.04589155 0.8782368
vn -0.005773932 0.05420035 0.9985135
vn 0.007942647 -0.9995931 0.02739875
vn 0.1980788 -0.05240161 -0.9787844
vn -0.6925179 0.0436166 0.720081
vn -0.8751755 -0.02953035 -0.4829037
vn 0.0080238 -0.9980826 0.06137302
vn 0.002802057 -0.9983118 0.05801534
vn -0.01365572 0.9981866 -0.05862742
vn 0.01020332 0.9978572 -0.06462957
vn -0.6277888 -0.01070093 -0.7783102
vn -0.9936913 0.07050086 0.08721886
vn -0.007940749 0.9995928 -0.02740923
vn 0.008007498 -0.9980901 0.06125494
vn -0.005390316 -0.9980544 0.06211603
vn -0.01079865 0.9983189 -0.05694567
vn 0.2521446 0.02423489 0.9673861
vn 0.6014974 -0.04105116 -0.7978193
vn -0.01861679 0.9987367 -0.04667387
vn -0.07568162 0.9971285 -0.002677162
vn 0.007422197 -0.9980776 0.06153147
vn 0.003095143 -0.9995699 0.02916252
vn 0.2435856 0.9698128 -0.01136716
vn 0.6937208 0.7152978 0.08426626
vn 0.9475434 0.2796164 0.154843
vn 0.9576533 -0.2204856 0.1851656
vn 0.7217529 -0.6713667 0.1683437
vn 0.2824666 -0.953486 0.105248
vn -0.2435855 -0.9698128 0.01136708
vn -0.6937216 -0.7152969 -0.08426644
vn -0.9475427 -0.279619 -0.1548424
vn -0.9576527 0.2204885 -0.1851654
vn -0.7217537 0.6713658 -0.168344
vn -0.2824662 0.9534861 -0.1052481
vn 0.2320163 0.9612348 -0.1489834
vn 0.6625903 0.6922168 -0.2860246
vn 0.9056427 0.2485503 -0.3435611
vn 0.9157527 -0.2515529 -0.3132384
vn 0.6906226 -0.6944479 -0.201947
vn 0.2708973 -0.9620639 -0.03236835
vn -0.2320163 -0.9612348 0.1489835
vn -0.6625913 -0.6922157 0.2860249
vn -0.9056424 -0.2485516 0.3435609
vn -0.9157524 0.2515544 0.3132379
vn -0.6906233 0.6944471 0.2019473
vn -0.2708969 0.962064 0.0323682
vn 0.1530693 0.952768 -0.2623033
vn 0.4501641 0.6694341 -0.5909402
vn 0.619721 0.2178854 -0.7539708
vn 0.6298308 -0.282217 -0.7236483
vn 0.4781964 -0.7172298 -0.5068626
vn 0.1919502 -0.9705309 -0.145688
vn -0.1530693 -0.9527679 0.2623035
vn -0.4501646 -0.6694335 0.5909407
vn -0.6197207 -0.2178874 0.7539704
vn -0.6298307 0.2822189 0.7236475
vn -0.4781966 0.7172292 0.5068632
vn -0.19195 0.9705309 0.145688
vn 0.02789827 0.9466808 -0.3209628
vn 0.1133606 0.6530554 -0.7487777
vn 0.1663922 0.1958398 -0.9664162
vn 0.1765021 -0.3042625 -0.9360936
vn 0.1413932 -0.7336088 -0.6647
vn 0.06677923 -0.976618 -0.2043476
vn -0.02789835 -0.9466809 0.3209628
vn -0.1133608 -0.6530548 0.7487782
vn -0.1663918 -0.195842 0.9664159
vn -0.1765018 0.3042647 0.936093
vn -0.1413935 0.7336082 0.6647007
vn -0.06677938 0.976618 0.2043474
vn -0.1099569 0.9446045 -0.309244
vn -0.2575729 0.6474691 -0.7172448
vn -0.3328769 0.1883214 -0.923974
vn -0.3227669 -0.3117834 -0.8936513
vn -0.2295403 -0.7391959 -0.6331673
vn -0.07107595 -0.9786942 -0.1926289
vn 0.1099568 -0.9446046 0.3092439
vn 0.2575732 -0.6474678 0.7172458
vn 0.3328768 -0.1883215 0.923974
vn 0.3227669 0.3117838 0.8936512
vn 0.2295405 0.7391953 0.6331679
vn 0.07107582 0.9786943 0.1926286
vn -0.2235582 0.9470954 -0.230287
vn -0.5632458 0.654171 -0.5047916
vn -0.7443063 0.1973414 -0.6380162
vn -0.7341963 -0.3027616 -0.6076934
vn -0.5352132 -0.7324933 -0.4207142
vn -0.1846773 -0.9762034 -0.1136718
vn 0.2235583 -0.9470955 0.2302868
vn 0.5632464 -0.6541702 0.504792
vn 0.7443057 -0.1973436 0.6380162
vn 0.7341957 0.3027633 0.6076933
vn 0.5352139 0.7324927 0.4207144
vn 0.1846772 0.9762034 0.1136714
vn -0.2824665 0.953486 -0.1052479
vn -0.7217535 0.6713661 -0.1683437
vn -0.9576532 0.220486 -0.1851655
vn -0.9475433 -0.2796167 -0.1548428
vn -0.6937208 -0.7152977 -0.08426622
vn -0.2435855 -0.9698128 0.01136722
vn 0.2824665 -0.953486 0.105248
vn 0.721754 -0.6713656 0.1683438
vn 0.9576529 -0.2204878 0.1851653
vn 0.9475428 0.2796184 0.1548425
vn 0.6937215 0.715297 0.08426645
vn 0.2435852 0.9698129 -0.01136726
vn -0.2708972 0.962064 0.03236829
vn -0.6906226 0.6944479 0.2019473
vn -0.9157524 0.2515536 0.3132385
vn -0.9056424 -0.2485505 0.3435614
vn -0.6625899 -0.6922171 0.2860247
vn -0.2320163 -0.9612348 0.1489835
vn 0.2708973 -0.9620639 -0.03236838
vn 0.6906236 -0.6944467 -0.2019475
vn 0.9157524 -0.251554 -0.3132384
vn 0.9056424 0.2485512 -0.3435611
vn 0.662591 0.692216 -0.2860249
vn 0.232016 0.9612349 -0.1489835
vn -0.1919502 0.9705309 0.1456881
vn -0.4781965 0.7172296 0.5068626
vn -0.6298309 0.282217 0.7236481
vn -0.6197209 -0.2178853 0.7539709
vn -0.4501639 -0.6694344 0.59094
vn -0.1530693 -0.952768 0.2623033
vn 0.1919503 -0.9705308 -0.1456883
vn 0.4781969 -0.7172289 -0.5068632
vn 0.6298308 -0.282219 -0.7236476
vn 0.6197208 0.2178873 -0.7539704
vn 0.4501642 0.6694337 -0.5909406
vn 0.1530691 0.952768 -0.2623032
vn -0.06677926 0.976618 0.2043475
vn -0.1413933 0.7336085 0.6647004
vn -0.1765022 0.3042626 0.9360936
vn -0.1663923 -0.1958398 0.9664163
vn -0.1133608 -0.6530555 0.7487776
vn -0.02789832 -0.9466809 0.3209627
vn 0.06677934 -0.976618 -0.2043477
vn 0.1413934 -0.7336079 -0.664701
vn 0.176502 -0.3042645 -0.9360931
vn 0.166392 0.1958418 -0.9664159
vn 0.1133611 0.6530548 -0.7487782
vn 0.02789836 0.9466809 -0.3209625
vn 0.07107579 0.9786943 0.1926287
vn 0.2295404 0.7391954 0.6331679
vn 0.322767 0.3117831 0.8936514
vn 0.332877 -0.1883207 0.9239742
vn 0.2575729 -0.6474687 0.7172451
vn 0.1099568 -0.9446046 0.3092438
vn -0.07107594 -0.9786942 -0.1926291
vn -0.2295406 -0.7391949 -0.6331682
vn -0.322767 -0.3117836 -0.8936512
vn -0.3328769 0.1883215 -0.923974
vn -0.2575731 0.6474682 -0.7172455
vn -0.1099568 0.9446046 -0.3092439
vn 0.1846771 0.9762034 0.1136715
vn 0.5352139 0.7324927 0.4207143
vn 0.7341965 0.302761 0.6076934
vn 0.7443064 -0.197341 0.6380161
vn 0.5632462 -0.6541707 0.5047916
vn 0.2235581 -0.9470955 0.2302867
vn -0.1846775 -0.9762033 -0.1136718
vn -0.5352139 -0.7324928 -0.4207143
vn -0.7341959 -0.3027631 -0.607693
vn -0.744306 0.1973433 -0.6380159
vn -0.5632465 0.6541703 -0.5047917
vn -0.2235581 0.9470955 -0.2302866
vn 0.2435858 0.9698128 -0.01136715
vn 0.6937209 0.7152975 0.08426639
vn 0.9475434 0.2796161 0.1548432
vn 0.9576533 -0.2204858 0.1851658
vn 0.7217531 -0.6713664 0.1683438
vn 0.2824667 -0.953486 0.105248
vn -0.2435855 -0.9698128 0.01136719
vn -0.6937217 -0.7152969 -0.08426635
vn -0.9475427 -0.2796192 -0.1548422
vn -0.9576527 0.2204885 -0.1851652
vn -0.7217537 0.6713658 -0.1683439
vn -0.282466 0.9534861 -0.105248
vn 0.2320164 0.9612348 -0.1489834
vn 0.6625904 0.6922168 -0.2860247
vn 0.9056426 0.2485503 -0.3435611
vn 0.9157527 -0.2515528 -0.3132383
vn 0.6906226 -0.6944479 -0.2019471
vn 0.2708974 -0.9620639 -0.0323684
vn -0.2320162 -0.9612349 0.1489834
vn -0.6625913 -0.6922157 0.2860249
vn -0.9056423 -0.2485519 0.3435608
vn -0.9157524 0.2515547 0.3132378
vn -0.6906233 0.694447 0.2019474
vn -0.2708968 0.9620641 0.03236821
vn 0.1530693 0.952768 -0.2623034
vn 0.4501642 0.6694338 -0.5909405
vn 0.6197208 0.2178857 -0.7539708
vn 0.6298307 -0.2822173 -0.7236483
vn 0.4781965 -0.7172295 -0.5068629
vn 0.1919502 -0.9705309 -0.1456881
vn -0.1530693 -0.952768 0.2623034
vn -0.4501645 -0.6694335 0.5909405
vn -0.6197208 -0.2178876 0.7539703
vn -0.6298307 0.2822192 0.7236475
vn -0.4781968 0.7172291 0.5068632
vn -0.1919498 0.970531 0.1456877
vn 0.02789833 0.9466808 -0.3209629
vn 0.1133609 0.6530553 -0.7487778
vn 0.1663923 0.1958396 -0.9664163
vn 0.1765024 -0.3042623 -0.9360937
vn 0.1413932 -0.7336087 -0.6647001
vn 0.06677929 -0.976618 -0.2043477
vn -0.02789837 -0.9466809 0.3209627
vn -0.1133608 -0.6530547 0.7487783
vn -0.1663914 -0.1958425 0.9664159
vn -0.1765016 0.3042652 0.9360929
vn -0.1413933 0.7336082 0.6647007
vn -0.06677928 0.9766181 0.204347
vn -0.1099569 0.9446045 -0.3092442
vn -0.2575728 0.6474692 -0.7172447
vn -0.3328769 0.1883208 -0.9239742
vn -0.3227669 -0.3117829 -0.8936515
vn -0.2295402 -0.7391962 -0.633167
vn -0.07107598 -0.9786942 -0.1926289
vn 0.1099569 -0.9446046 0.3092439
vn 0.2575731 -0.6474681 0.7172455
vn 0.3328769 -0.1883216 0.923974
vn 0.3227668 0.3117839 0.8936511
vn 0.2295405 0.7391954 0.6331677
vn 0.07107572 0.9786943 0.1926283
vn -0.2235583 0.9470953 -0.230287
vn -0.563246 0.6541708 -0.5047917
vn -0.7443065 0.1973412 -0.638016
vn -0.7341965 -0.3027612 -0.6076934
vn -0.5352134 -0.7324932 -0.4207141
vn -0.1846773 -0.9762034 -0.1136718
vn 0.2235582 -0.9470954 0.2302868
vn 0.5632463 -0.6541703 0.504792
vn 0.7443056 -0.1973439 0.6380163
vn 0.7341956 0.3027637 0.6076933
vn 0.5352138 0.7324927 0.4207144
vn 0.1846769 0.9762035 0.1136713
vn -0.2824666 0.953486 -0.105248
vn -0.7217537 0.6713658 -0.1683438
vn -0.9576533 0.2204856 -0.1851656
vn -0.9475434 -0.2796159 -0.154843
vn -0.6937209 -0.7152975 -0.08426639
vn -0.2435856 -0.9698128 0.01136719
vn 0.2824666 -0.953486 0.105248
vn 0.721754 -0.6713655 0.1683437
vn 0.9576527 -0.2204884 0.1851652
vn 0.9475427 0.2796191 0.1548423
vn 0.6937215 0.715297 0.08426636
vn 0.2435849 0.969813 -0.01136725
vn -0.2708972 0.962064 0.03236841
vn -0.6906224 0.694448 0.2019473
vn -0.9157525 0.2515529 0.3132387
vn -0.9056426 -0.2485498 0.3435613
vn -0.6625897 -0.6922173 0.2860249
vn -0.2320163 -0.9612349 0.1489836
vn 0.2708974 -0.9620639 -0.03236848
vn 0.6906235 -0.6944469 -0.2019476
vn 0.9157524 -0.2515542 -0.3132382
vn 0.9056423 0.2485514 -0.343561
vn 0.662591 0.692216 -0.2860249
vn 0.2320158 0.961235 -0.1489834
vn -0.1919503 0.9705309 0.1456881
vn -0.4781967 0.7172293 0.506863
vn -0.6298308 0.2822174 0.7236481
vn -0.6197208 -0.2178856 0.7539709
vn -0.450164 -0.6694342 0.5909401
vn -0.1530693 -0.952768 0.2623033
vn 0.1919503 -0.9705308 -0.1456883
vn 0.478197 -0.7172289 -0.5068632
vn 0.6298308 -0.2822192 -0.7236474
vn 0.6197207 0.2178876 -0.7539703
vn 0.4501644 0.6694336 -0.5909406
vn 0.1530689 0.9527681 -0.2623029
vn -0.06677921 0.976618 0.2043475
vn -0.1413934 0.7336082 0.6647007
vn -0.1765023 0.3042629 0.9360935
vn -0.1663925 -0.19584 0.9664162
vn -0.1133609 -0.6530553 0.7487778
vn -0.02789835 -0.9466808 0.3209628
vn 0.0667793 -0.976618 -0.2043476
vn 0.1413933 -0.7336079 -0.664701
vn 0.1765019 -0.3042648 -0.936093
vn 0.166392 0.1958421 -0.9664159
vn 0.113361 0.6530547 -0.7487783
vn 0.02789833 0.946681 -0.3209623
vn 0.07107586 0.9786943 0.1926288
vn 0.2295403 0.7391956 0.6331674
vn 0.3227669 0.311783 0.8936515
vn 0.332877 -0.1883205 0.9239742
vn 0.2575727 -0.6474692 0.7172447
vn 0.1099568 -0.9446046 0.3092439
vn -0.07107595 -0.9786941 -0.1926291
vn -0.2295407 -0.7391952 -0.633168
vn -0.3227672 -0.3117834 -0.8936512
vn -0.3328771 0.1883212 -0.923974
vn -0.2575733 0.6474682 -0.7172455
vn -0.1099567 0.9446047 -0.3092436
vn 0.1846772 0.9762034 0.1136716
vn 0.5352139 0.7324928 0.4207142
vn 0.7341967 0.3027608 0.6076933
vn 0.7443066 -0.197341 0.6380159
vn 0.5632461 -0.6541709 0.5047914
vn 0.2235582 -0.9470955 0.2302868
vn -0.1846774 -0.9762034 -0.1136717
vn -0.5352138 -0.7324927 -0.4207144
vn -0.7341959 -0.3027632 -0.6076932
vn -0.7443058 0.1973433 -0.638016
vn -0.5632463 0.6541703 -0.5047919
vn -0.2235578 0.9470956 -0.2302864
vn 0.1855393 -0.05909273 -0.9808584
vn -0.3306125 -0.06161249 -0.9417534
vn -0.7581782 -0.04762312 -0.6503059
vn -0.9825902 -0.02087325 -0.1846098
vn -0.943718 0.01146949 0.3305523
vn -0.6519764 0.04073916 0.757144
vn -0.1855408 0.0590927 0.9808582
vn 0.330613 0.06161245 0.9417531
vn 0.7581782 0.04762317 0.6503059
vn 0.9825903 0.02087339 0.1846098
vn 0.9437181 -0.01146943 -0.3305519
vn 0.6519777 -0.04073909 -0.7571429
vn -0.009564716 0.9980342 -0.06193677
vn 0.009564714 -0.9980342 0.06193677
vn 0.02377166 0.9988618 -0.0413521
vn -0.7458597 -0.02910269 -0.6654671
vn -0.729813 -0.03008859 -0.6829845
vn -0.9978036 0.002785127 -0.06618349
vn -0.9086812 0.02668025 0.4166372
vn -0.4897702 0.04708557 0.8705792
vn 0.1162163 0.04950543 0.9919894
vn 0.5499635 0.03885395 0.8342845
vn 0.9543493 0.009245515 0.2985497
vn 0.9859043 0.002406052 0.167293
vn 0.007798553 0.9986989 -0.05039535
vn -0.007797997 -0.9986989 0.05039578
vn 0.8618587 0.02035355 0.50674
vn -0.4885046 -0.04112071 -0.8715919
vn -0.8418536 -0.0221221 -0.5392525
vn -0.002447197 -0.9983315 0.05769072
vn 0.72228 0.03053682 0.6909264
vn -0.1365104 -0.05065158 -0.9893429
vn 0.84312 -0.03235886 -0.536751
vn -0.005119107 -0.9989325 0.04590955
vn -0.009272951 -0.9987887 0.04832459
vn 0.01515924 0.9982855 -0.05653509
vn 0.00816157 0.9990696 -0.04234877
vn 0.9994931 -0.004551068 0.03151081
vn 0.2072738 -0.06906831 -0.9758418
vn 0.002457358 0.998332 -0.05768202
vn -0.02828673 -0.9989139 0.03702418
vn -0.009554036 -0.9987175 0.04971893
vn 0.002889659 0.9987319 -0.05026387
vn -0.9750603 -0.005236559 -0.2218784
vn 0.3616915 0.05035245 0.9309371
vn 0.02003752 0.9991767 -0.03527508
vn 0.0001336412 0.9985425 -0.05397185
vn 0.06716044 -0.9881353 -0.1381233
vn -0.0001188726 -0.9985424 0.05397321
vn -0.1611202 0.9772926 0.1376209
vn -0.4719575 0.7354856 0.4861245
vn -0.6491026 0.306811 0.696084
vn -0.659247 -0.1932747 0.7266624
vn -0.5000854 -0.6511337 0.5709111
vn -0.2001336 -0.9459437 0.25522
vn 0.1611202 -0.9772926 -0.1376208
vn 0.4719581 -0.7354848 -0.4861252
vn 0.6491019 -0.3068136 -0.6960835
vn 0.6592464 0.1932777 -0.7266623
vn 0.5000861 0.6511329 -0.5709116
vn 0.2001335 0.9459438 -0.2552196
vn -0.03843563 0.9787154 0.2015909
vn -0.1418442 0.7393143 0.6582513
vn -0.2047767 0.3119647 0.9277632
vn -0.2149212 -0.1881223 0.9583418
vn -0.1699721 -0.6473055 0.7430378
vn -0.07744901 -0.9445208 0.3191899
vn 0.03843558 -0.9787154 -0.2015909
vn 0.1418444 -0.7393132 -0.6582523
vn 0.2047768 -0.3119659 -0.9277628
vn 0.2149213 0.1881238 -0.9583414
vn 0.1699723 0.6473045 -0.7430385
vn 0.07744895 0.9445209 -0.3191896
vn 0.09977464 0.9755571 0.1957894
vn 0.230045 0.7308155 0.6426415
vn 0.2957784 0.3005256 0.9067522
vn 0.2856341 -0.1995606 0.9373307
vn 0.201917 -0.6558034 0.727428
vn 0.06076113 -0.9476792 0.3133883
vn -0.09977474 -0.975557 -0.1957895
vn -0.2300452 -0.7308149 -0.6426421
vn -0.2957782 -0.3005275 -0.9067517
vn -0.2856336 0.1995626 -0.9373304
vn -0.2019173 0.6558028 -0.7274285
vn -0.06076118 0.9476793 -0.3133881
vn 0.2164773 0.9686638 0.1217709
vn 0.5440622 0.7122675 0.4434765
vn 0.7184376 0.2755602 0.6386814
vn 0.7082933 -0.2245259 0.6692599
vn 0.5159339 -0.6743517 0.5282632
vn 0.1774639 -0.9545725 0.23937
vn -0.2164772 -0.9686638 -0.121771
vn -0.5440626 -0.712267 -0.443477
vn -0.7184375 -0.2755624 -0.6386808
vn -0.708293 0.2245281 -0.6692595
vn -0.5159343 0.674351 -0.5282638
vn -0.1774636 0.9545726 -0.23937
vn 0.2804018 0.9598826 -0.0006310103
vn 0.7160662 0.6886401 0.1141233
vn 0.949952 0.2437588 0.1953788
vn 0.9398076 -0.2563298 0.2259575
vn 0.6879382 -0.6979799 0.1989101
vn 0.2413884 -0.9633536 0.116968
vn -0.2804016 -0.9598826 0.0006309936
vn -0.7160673 -0.6886389 -0.1141236
vn -0.949952 -0.2437589 -0.1953788
vn -0.9398075 0.2563301 -0.2259575
vn -0.6879387 0.6979793 -0.1989102
vn -0.2413881 0.9633537 -0.116968
vn 0.2744195 0.9515665 -0.1386192
vn 0.6999701 0.6662631 -0.2571682
vn 0.9282866 0.2136392 -0.304372
vn 0.9181421 -0.2864475 -0.2737935
vn 0.671842 -0.7203562 -0.1723814
vn 0.2354061 -0.9716697 -0.02102018
vn -0.2744195 -0.9515665 0.1386193
vn -0.6999707 -0.6662623 0.2571684
vn -0.9282862 -0.2136414 0.3043717
vn -0.9181418 0.2864493 0.273793
vn -0.6718426 0.7203556 0.1723818
vn -0.2354057 0.9716699 0.02102024
vn 0.2001335 0.9459437 -0.2552199
vn 0.5000857 0.6511331 -0.5709115
vn 0.6592469 0.1932752 -0.7266625
vn 0.6491025 -0.3068113 -0.696084
vn 0.4719575 -0.7354856 -0.4861246
vn 0.16112 -0.9772926 -0.1376209
vn -0.2001336 -0.9459437 0.2552199
vn -0.5000861 -0.6511326 0.5709119
vn -0.6592464 -0.193277 0.7266624
vn -0.649102 0.306813 0.6960836
vn -0.4719581 0.7354849 0.4861251
vn -0.1611198 0.9772927 0.1376206
vn 0.077449 0.9445208 -0.3191898
vn 0.1699719 0.6473053 -0.7430379
vn 0.2149208 0.188123 -0.9583417
vn 0.2047764 -0.3119649 -0.9277632
vn 0.1418439 -0.7393146 -0.6582509
vn 0.03843552 -0.9787154 -0.2015909
vn -0.07744899 -0.9445208 0.31919
vn -0.1699722 -0.6473041 0.7430389
vn -0.214921 -0.1881234 0.9583416
vn -0.2047765 0.3119656 0.927763
vn -0.1418442 0.7393135 0.6582521
vn -0.03843545 0.9787155 0.2015906
vn -0.06076118 0.9476792 -0.3133884
vn -0.2019169 0.6558032 -0.7274282
vn -0.2856339 0.1995606 -0.9373307
vn -0.2957785 -0.3005255 -0.9067522
vn -0.2300449 -0.7308158 -0.6426412
vn -0.0997746 -0.9755571 -0.1957894
vn 0.06076127 -0.9476792 0.3133885
vn 0.2019172 -0.6558025 0.7274288
vn 0.2856337 -0.1995626 0.9373304
vn 0.2957781 0.3005275 0.9067517
vn 0.2300453 0.7308151 0.6426418
vn 0.09977464 0.9755571 0.1957892
vn -0.1774638 0.9545725 -0.2393699
vn -0.5159342 0.6743514 -0.5282634
vn -0.7082932 0.224526 -0.66926
vn -0.7184376 -0.2755602 -0.6386815
vn -0.544062 -0.7122676 -0.4434765
vn -0.2164772 -0.9686638 -0.121771
vn 0.1774639 -0.9545725 0.2393701
vn 0.5159346 -0.6743507 0.5282639
vn 0.7082929 -0.2245279 0.6692597
vn 0.7184373 0.2755622 0.6386809
vn 0.5440623 0.712267 0.4434771
vn 0.216477 0.9686638 0.1217709
vn -0.2413881 0.9633537 -0.1169681
vn -0.6879387 0.6979793 -0.1989104
vn -0.9398077 0.2563295 -0.2259574
vn -0.9499522 -0.2437582 -0.1953789
vn -0.7160665 -0.6886398 -0.1141234
vn -0.2804015 -0.9598826 0.0006309915
vn 0.2413885 -0.9633536 0.1169681
vn 0.6879391 -0.6979789 0.1989103
vn 0.9398075 -0.25633 0.2259573
vn 0.949952 0.2437589 0.1953787
vn 0.716067 0.6886392 0.1141235
vn 0.2804016 0.9598826 -0.0006310197
vn -0.2354058 0.9716699 0.02102014
vn -0.6718426 0.7203556 0.1723818
vn -0.9181423 0.286447 0.2737937
vn -0.9282866 -0.2136389 0.3043721
vn -0.6999702 -0.6662628 0.2571686
vn -0.2744192 -0.9515665 0.1386192
vn 0.2354063 -0.9716697 -0.02102035
vn 0.6718424 -0.7203557 -0.1723819
vn 0.9181417 -0.2864491 -0.2737933
vn 0.9282861 0.2136411 -0.304372
vn 0.6999705 0.6662623 -0.2571687
vn 0.2744192 0.9515666 -0.1386192
vn -0.1611203 0.9772926 0.1376211
vn -0.4719578 0.7354854 0.4861247
vn -0.6491028 0.3068107 0.6960839
vn -0.6592471 -0.193275 0.7266623
vn -0.5000856 -0.6511335 0.5709112
vn -0.2001337 -0.9459437 0.2552201
vn 0.1611201 -0.9772926 -0.1376209
vn 0.4719581 -0.7354848 -0.4861253
vn 0.6491017 -0.3068138 -0.6960835
vn 0.6592462 0.1932776 -0.7266624
vn 0.500086 0.6511329 -0.5709116
vn 0.2001333 0.9459438 -0.2552195
vn -0.03843566 0.9787154 0.2015909
vn -0.1418441 0.7393142 0.6582513
vn -0.2047767 0.3119647 0.9277632
vn -0.2149213 -0.1881222 0.9583418
vn -0.169972 -0.6473054 0.7430379
vn -0.07744904 -0.9445208 0.3191901
vn 0.03843562 -0.9787154 -0.2015908
vn 0.1418443 -0.7393133 -0.6582523
vn 0.2047769 -0.3119663 -0.9277626
vn 0.2149213 0.1881241 -0.9583414
vn 0.1699722 0.6473045 -0.7430387
vn 0.07744886 0.944521 -0.3191894
vn 0.09977464 0.975557 0.1957894
vn 0.2300452 0.7308152 0.6426417
vn 0.2957785 0.3005259 0.9067521
vn 0.2856342 -0.1995609 0.9373306
vn 0.2019172 -0.6558031 0.7274283
vn 0.06076117 -0.9476792 0.3133884
vn -0.09977472 -0.975557 -0.1957894
vn -0.230045 -0.730815 -0.642642
vn -0.295778 -0.3005278 -0.9067516
vn -0.2856336 0.1995629 -0.9373304
vn -0.2019172 0.6558027 -0.7274286
vn -0.06076106 0.9476794 -0.3133878
vn 0.2164774 0.9686638 0.1217711
vn 0.5440621 0.7122674 0.4434767
vn 0.7184376 0.27556 0.6386816
vn 0.7082931 -0.2245256 0.6692601
vn 0.515934 -0.6743516 0.5282633
vn 0.1774639 -0.9545725 0.2393701
vn -0.2164772 -0.9686638 -0.121771
vn -0.5440626 -0.7122669 -0.4434769
vn -0.7184376 -0.2755629 -0.6386804
vn -0.708293 0.2245286 -0.6692593
vn -0.5159344 0.674351 -0.5282636
vn -0.1774633 0.9545727 -0.2393697
vn 0.2804019 0.9598825 -0.0006309096
vn 0.7160661 0.6886401 0.1141233
vn 0.9499521 0.2437582 0.1953789
vn 0.9398077 -0.2563293 0.2259574
vn 0.6879379 -0.6979802 0.1989101
vn 0.2413884 -0.9633536 0.116968
vn -0.2804016 -0.9598826 0.0006310427
vn -0.716067 -0.6886392 -0.1141235
vn -0.9499519 -0.243759 -0.1953788
vn -0.9398075 0.2563303 -0.2259575
vn -0.6879386 0.6979794 -0.1989102
vn -0.2413878 0.9633538 -0.1169679
vn 0.2744196 0.9515664 -0.1386192
vn 0.6999702 0.6662629 -0.2571683
vn 0.9282866 0.213639 -0.3043722
vn 0.9181421 -0.2864471 -0.2737938
vn 0.6718421 -0.7203561 -0.1723815
vn 0.2354062 -0.9716697 -0.02102017
vn -0.2744195 -0.9515665 0.1386192
vn -0.6999707 -0.6662623 0.2571684
vn -0.9282862 -0.2136418 0.3043715
vn -0.9181417 0.2864496 0.2737927
vn -0.6718426 0.7203556 0.1723817
vn -0.2354055 0.9716699 0.02102013
vn 0.2001336 0.9459437 -0.25522
vn 0.5000859 0.6511329 -0.5709116
vn 0.659247 0.1932748 -0.7266625
vn 0.6491027 -0.3068106 -0.6960841
vn 0.4719578 -0.7354854 -0.4861247
vn 0.1611201 -0.9772926 -0.1376209
vn -0.2001336 -0.9459437 0.25522
vn -0.500086 -0.6511326 0.570912
vn -0.6592462 -0.1932776 0.7266624
vn -0.6491017 0.3068137 0.6960836
vn -0.471958 0.7354849 0.4861251
vn -0.1611197 0.9772927 0.1376204
vn 0.07744892 0.9445208 -0.3191899
vn 0.1699717 0.6473055 -0.7430379
vn 0.2149208 0.1881222 -0.9583418
vn 0.2047765 -0.3119642 -0.9277635
vn 0.1418436 -0.7393147 -0.6582508
vn 0.0384355 -0.9787154 -0.2015909
vn -0.07744893 -0.9445207 0.31919
vn -0.1699721 -0.6473043 0.7430388
vn -0.2149211 -0.1881236 0.9583415
vn -0.2047766 0.3119658 0.9277629
vn -0.1418442 0.7393135 0.6582521
vn -0.03843541 0.9787155 0.2015903
vn -0.06076116 0.9476792 -0.3133884
vn -0.2019172 0.6558028 -0.7274284
vn -0.285634 0.199561 -0.9373306
vn -0.2957786 -0.3005258 -0.9067521
vn -0.230045 -0.7308156 -0.6426414
vn -0.0997746 -0.9755571 -0.1957894
vn 0.06076127 -0.9476792 0.3133885
vn 0.2019171 -0.6558025 0.7274288
vn 0.2856335 -0.1995628 0.9373304
vn 0.2957781 0.3005278 0.9067516
vn 0.2300452 0.7308151 0.642642
vn 0.09977452 0.9755572 0.1957889
vn -0.1774638 0.9545725 -0.2393699
vn -0.5159344 0.674351 -0.5282637
vn -0.7082931 0.2245263 -0.66926
vn -0.7184374 -0.2755605 -0.6386816
vn -0.5440621 -0.7122674 -0.4434767
vn -0.2164773 -0.9686638 -0.121771
vn 0.1774638 -0.9545725 0.23937
vn 0.5159347 -0.6743507 0.5282638
vn 0.7082929 -0.2245282 0.6692595
vn 0.7184373 0.2755624 0.6386808
vn 0.5440626 0.7122669 0.4434771
vn 0.2164769 0.9686639 0.1217707
vn -0.2413882 0.9633537 -0.116968
vn -0.6879383 0.6979797 -0.1989102
vn -0.9398077 0.2563294 -0.2259575
vn -0.9499522 -0.2437579 -0.1953789
vn -0.7160661 -0.6886402 -0.1141234
vn -0.2804016 -0.9598826 0.0006310062
vn 0.2413886 -0.9633536 0.1169681
vn 0.6879389 -0.6979791 0.1989101
vn 0.9398077 -0.2563298 0.2259572
vn 0.9499521 0.2437587 0.1953786
vn 0.716067 0.6886392 0.1141233
vn 0.2804013 0.9598827 -0.0006311047
vn -0.2354059 0.9716699 0.02102021
vn -0.6718425 0.7203557 0.1723819
vn -0.9181422 0.2864468 0.273794
vn -0.9282866 -0.2136388 0.3043724
vn -0.6999701 -0.666263 0.2571686
vn -0.2744194 -0.9515665 0.1386192
vn 0.2354061 -0.9716697 -0.02102031
vn 0.6718425 -0.7203556 -0.1723817
vn 0.9181418 -0.2864491 -0.2737931
vn 0.9282862 0.2136412 -0.3043719
vn 0.6999707 0.6662624 -0.2571685
vn 0.2744189 0.9515666 -0.1386191
vn 0.7310158 0.02349915 0.6819558
vn 0.9741672 -0.003782056 0.2257964
vn 0.9562917 -0.03004984 -0.2908663
vn 0.6821786 -0.04826582 -0.7295909
vn 0.2252763 -0.05354911 -0.9728222
vn -0.2919898 -0.04448381 -0.9553864
vn -0.7310148 -0.02349922 -0.6819569
vn -0.9741673 0.003782053 -0.2257959
vn -0.9562917 0.03004989 0.2908663
vn -0.6821786 0.04826596 0.729591
vn -0.2252767 0.05354914 0.9728222
vn 0.2919882 0.04448386 0.9553869
vn 0.01577045 0.998558 -0.05131378
vn -0.01577046 -0.998558 0.05131378
vn -0.965926 -5.05456E-06 0.2588185
vn -0.7071073 -6.014924E-06 0.7071063
vn -0.2588187 -5.42557E-06 0.9659259
vn 0.2588181 -4.693939E-06 0.9659261
vn 0.7071062 -3.483793E-06 0.7071074
vn 0.965926 -1.033001E-06 0.2588184
vn 0.9659261 1.880641E-06 -0.2588182
vn 0.7071068 2.930706E-06 -0.7071069
vn 0.2588187 2.607626E-06 -0.9659259
vn -0.2588182 2.983166E-06 -0.9659261
vn -0.7071064 9.448294E-07 -0.7071073
vn -0.9659261 -2.391986E-06 -0.2588184
vn 2.286761E-07 1 1.922126E-06
vn -2.174067E-07 -1 -1.891416E-06
vn -0.9659259 -5.099814E-06 0.2588187
vn -0.7071071 -6.138558E-06 0.7071065
vn -0.2588185 -5.594458E-06 0.965926
vn 0.2588184 -4.862828E-06 0.9659261
vn 0.7071064 -3.607427E-06 0.7071072
vn 0.9659261 -1.078255E-06 0.2588181
vn 0.965926 1.925894E-06 -0.2588184
vn 0.7071066 3.05434E-06 -0.7071071
vn 0.2588184 2.776514E-06 -0.965926
vn -0.2588184 3.152053E-06 -0.965926
vn -0.7071065 1.068464E-06 -0.7071071
vn -0.9659261 -2.346733E-06 -0.2588181
vn 2.286762E-07 1 2.096971E-06
vn -2.174069E-07 -1 -2.066262E-06
vt -0.01286692 -0.05705549
vt -0.01868136 -0.05587297
vt -0.01975846 -0.05770372
vt 0.0319528 0.1416164
vt 0.02544065 0.1423607
vt 0.02490246 0.1377648
vt 0.03141461 0.1370205
vt 0.02589491 0.142037
vt 0.01493284 0.1438854
vt 0.01417254 0.139321
vt 0.02513462 0.1374726
vt -0.1298638 0.06990669
vt -0.1346028 0.06425469
vt -0.1310613 0.06127641
vt -0.1263224 0.0669284
vt -0.1478736 0.02980265
vt -0.1517617 0.02255492
vt -0.1476852 0.02036528
vt -0.1437972 0.02761301
vt -0.1487462 0.02420025
vt -0.1523332 0.01679894
vt -0.1481711 0.01477692
vt -0.144584 0.02217824
vt -0.1332087 0.06085598
vt -0.1378305 0.0540527
vt -0.1340055 0.05144865
vt -0.1293837 0.05825194
vt -0.08290528 0.1182896
vt -0.08968519 0.1138865
vt -0.0871703 0.1100023
vt -0.08039039 0.1144054
vt 0.1102304 0.09767999
vt 0.1028833 0.1031983
vt 0.1000995 0.09950207
vt 0.1074466 0.09398371
vt 0.1219212 0.08202402
vt 0.1174011 0.0865802
vt 0.1141153 0.08332209
vt 0.1186354 0.0787659
vt -0.001682878 -0.06020045
vt 0.006887048 -0.06351523
vt 0.01457065 -0.06100193
vt 0.02040625 -0.05520607
vt 0.02172063 -0.04708704
vt 0.01801175 -0.03974603
vt 0.01195069 -0.03554287
vt 0.0008697743 -0.03643566
vt -0.006349997 -0.03938717
vt -0.01289399 -0.03975803
vt -0.01373752 -0.05618892
vt -0.007301765 -0.05709907
vt 0.0137417 -0.05619549
vt 0.01289817 -0.0397646
vt 0.00635418 -0.03939373
vt -0.0008655903 -0.03644222
vt -0.01194651 -0.03554944
vt -0.01800757 -0.0397526
vt -0.02171645 -0.04709361
vt -0.02040206 -0.05521264
vt -0.01456646 -0.06100849
vt -0.006882864 -0.0635218
vt 0.001687058 -0.06020702
vt 0.00730595 -0.05710563
vt 0.04120819 0.1383212
vt 0.03496509 0.1401299
vt 0.03366437 0.1356892
vt 0.03990746 0.1338805
vt 0.1058405 0.1003786
vt 0.09971986 0.1052133
vt 0.09685525 0.1015793
vt 0.1029758 0.09674455
vt -0.02150492 0.1430368
vt -0.02053744 0.1385117
vt -0.01435455 0.1398077
vt -0.01532204 0.1443328
vt 0.01251822 -0.04099899
vt 0.01900227 -0.04212607
vt 0.01880319 -0.04036121
vt -0.044608 0.1337168
vt -0.04546881 0.1382633
vt -0.0522627 0.1369379
vt -0.05140189 0.1323914
vt 0.1441936 0.0548161
vt 0.1392636 0.06049832
vt 0.1356288 0.05765622
vt 0.1407139 0.05176634
vt 0.1498668 0.02432674
vt 0.1457504 0.03053515
vt 0.1415929 0.02850363
vt 0.1457093 0.02229522
vt 0.007597064 -0.03543123
vt 0.01325933 -0.03410597
vt 0.01191677 -0.02735519
vt 0.04556754 -0.03363942
vt 0.04801233 -0.04990933
vt 0.05152749 -0.04145204
vt -0.01212881 -0.05596527
vt -0.01135867 -0.03953074
vt -0.01571776 -0.04812908
vt -0.03529557 -0.04185402
vt -0.04177766 -0.04251956
vt -0.04098454 -0.04986608
vt -0.04024628 -0.04997464
vt -0.04019877 -0.05010293
vt 0.1178658 0.08380514
vt 0.1123174 0.0906488
vt 0.108715 0.08774457
vt 0.1142634 0.08090091
vt 0.1545441 0.00927865
vt 0.1515635 0.01571146
vt 0.1524787 0.01610176
vt 0.1483089 0.01411581
vt 0.150295 0.007525822
vt -0.01250306 -0.041031
vt -0.01878804 -0.04039322
vt -0.01898712 -0.04215807
vt 0.01306564 -0.05549999
vt 0.0199575 -0.05614484
vt 0.01870996 -0.05410025
vt 0.008919211 -0.05771231
vt 0.0138551 -0.06620907
vt 0.01538881 -0.05891957
vt -0.01264559 -0.05614697
vt -0.01622329 -0.04830563
vt -0.0162801 -0.04818111
vt -0.01846077 -0.05496805
vt -0.09297735 0.1042923
vt -0.08696459 0.1096763
vt -0.09005652 0.113119
vt -0.09606928 0.107735
vt -0.1218753 0.0873972
vt -0.1263243 0.08380826
vt -0.1234435 0.08018712
vt -0.1189945 0.08377606
vt -0.01795952 -0.05626677
vt -0.02430596 -0.06030624
vt -0.01903287 -0.05809972
vt -0.01958446 -0.04026779
vt -0.0268659 -0.03678616
vt -0.01978773 -0.04203216
vt 0.02003382 -0.05610134
vt 0.02531292 -0.05829343
vt 0.01878583 -0.05405702
vt 0.01978159 -0.04200251
vt 0.02685975 -0.03675648
vt 0.01957832 -0.04023813
vt -0.02704782 -0.0453051
vt -0.02731059 -0.05034529
vt -0.02570578 -0.05085013
vt -0.0253992 -0.04496989
vt -0.1020366 -0.01873432
vt -0.1036656 -0.02439274
vt -0.1021614 -0.02514617
vt -0.1003621 -0.018896
vt -0.1417948 0.01230565
vt -0.1444178 0.006354011
vt -0.1429272 0.005573945
vt -0.1402133 0.01173183
vt -0.1478335 0.02010474
vt -0.150744 0.01403729
vt -0.1491818 0.01341292
vt -0.1463688 0.01927715
vt -0.1220749 -0.001058716
vt -0.1244692 -0.007105976
vt -0.1228181 -0.007428566
vt -0.1206504 -0.001953843
vt -0.06102085 -0.03483897
vt -0.06218671 -0.04061062
vt -0.06050676 -0.04052088
vt -0.05950745 -0.03557376
vt 0.02531265 -0.04539558
vt 0.02557543 -0.05043578
vt 0.02718025 -0.04993095
vt 0.02696127 -0.04573078
vt 0.1004745 -0.02005932
vt 0.1016381 -0.02410104
vt 0.1031423 -0.02334761
vt 0.1021491 -0.01989764
vt 0.1407498 0.01025288
vt 0.1421976 0.006967682
vt 0.1436882 0.007747753
vt 0.1423312 0.0108267
vt 0.1471426 0.01790743
vt 0.1485979 0.0148737
vt 0.1501601 0.01549807
vt 0.1486073 0.01873502
vt 0.1212724 -0.002943395
vt 0.122594 -0.006281374
vt 0.1242452 -0.005958785
vt 0.1226969 -0.002048267
vt 0.05969711 -0.03596453
vt 0.06052987 -0.04008713
vt 0.06220982 -0.04017686
vt 0.06121051 -0.03522974
vt -0.02068431 -0.03121736
vt -0.02328464 -0.03554298
vt -0.02210525 -0.0367427
vt -0.01907153 -0.03169615
vt -0.08361478 0.01400026
vt -0.08702364 0.009199141
vt -0.0858533 0.007990583
vt -0.08208795 0.01329381
vt -0.1285173 0.03743071
vt -0.1319777 0.03192367
vt -0.1306164 0.03093517
vt -0.1270361 0.03663307
vt -0.1511656 0.0195301
vt -0.153604 0.01325799
vt -0.1519987 0.01275481
vt -0.149642 0.01881684
vt -0.1312394 -0.03072914
vt -0.1315361 -0.03722638
vt -0.1298698 -0.03699424
vt -0.1296012 -0.03111215
vt -0.06102069 -0.05838792
vt -0.05922456 -0.06399551
vt -0.05780157 -0.06309808
vt -0.05934111 -0.05829158
vt 0.01919515 -0.03211256
vt 0.02179549 -0.03643817
vt 0.02297488 -0.03523845
vt 0.02080794 -0.03163377
vt 0.08257891 0.01223317
vt 0.08501381 0.00880379
vt 0.08618415 0.01001235
vt 0.08410574 0.01293963
vt 0.1277819 0.03524793
vt 0.129692 0.03220813
vt 0.1310533 0.03319662
vt 0.1292631 0.03604557
vt 0.150309 0.01739191
vt 0.1515281 0.01425586
vt 0.1531335 0.01475904
vt 0.1518326 0.01810517
vt 0.1298674 -0.03225016
vt 0.1300312 -0.03583651
vt 0.1316975 -0.03606864
vt 0.1315056 -0.03186714
vt 0.05931617 -0.05872525
vt 0.05803321 -0.06273066
vt 0.05945621 -0.06362809
vt 0.06099575 -0.05882159
vt -0.007653482 -0.0209272
vt -0.01195463 -0.02356781
vt -0.01146081 -0.02517605
vt -0.0064428 -0.02209534
vt -0.04877539 0.04640198
vt -0.05378207 0.0433029
vt -0.05317337 0.04173453
vt -0.0476431 0.04515771
vt -0.09352541 0.08417638
vt -0.09848104 0.07996403
vt -0.09747977 0.07861209
vt -0.09235241 0.08297041
vt -0.1455928 0.04670413
vt -0.1483331 0.04055794
vt -0.1467541 0.03997735
vt -0.1441056 0.04591767
vt -0.1239629 -0.06895221
vt -0.1214943 -0.07496953
vt -0.120081 -0.07405694
vt -0.1223158 -0.06860931
vt -0.04605154 -0.08076757
vt -0.041558 -0.08457273
vt -0.0408263 -0.08305784
vt -0.04467791 -0.07979627
vt 0.006744423 -0.0224079
vt 0.01104557 -0.02504851
vt 0.01153939 -0.02344028
vt 0.007955106 -0.02123976
vt 0.04850762 0.04437115
vt 0.05208382 0.04215752
vt 0.05269252 0.04372589
vt 0.04963992 0.04561542
vt 0.09347995 0.08187346
vt 0.09621535 0.07954831
vt 0.09721662 0.08090027
vt 0.09465294 0.08307943
vt 0.1448412 0.04452655
vt 0.1462114 0.04145345
vt 0.1477903 0.04203405
vt 0.1463284 0.04531301
vt 0.1220777 -0.06975348
vt 0.1207151 -0.07307493
vt 0.1221284 -0.07398753
vt 0.1237248 -0.07009637
vt 0.04442708 -0.08015093
vt 0.04121741 -0.0828689
vt 0.04194911 -0.0843838
vt 0.04580072 -0.08112223
vt 0.009060269 -0.01702226
vt 0.004026001 -0.01738118
vt 0.003722321 -0.0190359
vt 0.009595633 -0.01861715
vt 0.003557318 0.06283355
vt -0.002314406 0.0623931
vt -0.002497718 0.06072077
vt 0.003988064 0.06120727
vt -0.004951213 0.1239192
vt -0.01141664 0.1232119
vt -0.01134611 0.121531
vt -0.004656631 0.1222629
vt -0.04507592 0.1464448
vt -0.05138524 0.1441045
vt -0.05069581 0.1425699
vt -0.04459781 0.1448319
vt -0.03925886 -0.1383863
vt -0.03290727 -0.1397861
vt -0.03285199 -0.1381046
vt -0.03860223 -0.1368374
vt -0.01702236 -0.09401848
vt -0.01115941 -0.09456347
vt -0.01142743 -0.09290261
vt -0.01645281 -0.09243547
vt -0.00918382 -0.01875537
vt -0.004149553 -0.0191143
vt -0.004453234 -0.01745958
vt -0.008648456 -0.01716048
vt -0.00285819 0.06090812
vt 0.001335898 0.06059352
vt 0.001152587 0.06226585
vt -0.002427445 0.06253439
vt 0.006205388 0.1219872
vt 0.009774184 0.1215967
vt 0.009844711 0.1232776
vt 0.00649997 0.1236435
vt 0.04610652 0.1443847
vt 0.04926118 0.1432145
vt 0.04995061 0.1447491
vt 0.04658463 0.1459977
vt 0.03752632 -0.1372936
vt 0.03402037 -0.1380662
vt 0.03407566 -0.1397477
vt 0.03818297 -0.1388425
vt 0.01604411 -0.09258249
vt 0.01185629 -0.09297177
vt 0.01158828 -0.09463263
vt 0.01661366 -0.0941655
vt 0.02562768 -0.02060097
vt 0.0209963 -0.01859526
vt 0.01996301 -0.01992288
vt 0.02536629 -0.02226289
vt 0.0573575 0.04976965
vt 0.05197943 0.05216703
vt 0.05102481 0.05078175
vt 0.05696532 0.04813366
vt 0.09461324 0.08936274
vt 0.08910985 0.09282897
vt 0.08811991 0.09146871
vt 0.09381402 0.08788235
vt 0.1480475 0.04290619
vt 0.1448518 0.04882839
vt 0.1434281 0.0479321
vt 0.1465168 0.04220825
vt 0.09641934 -0.1028186
vt 0.1000127 -0.09739731
vt 0.09846396 -0.09674019
vt 0.09521085 -0.1016482
vt 0.01555842 -0.09074873
vt 0.0206501 -0.0877914
vt 0.01946828 -0.08659406
vt 0.01510399 -0.08912893
vt -0.02493717 -0.02219542
vt -0.02030578 -0.0201897
vt -0.02133907 -0.01886206
vt -0.02519856 -0.0205335
vt -0.05582882 0.04840632
vt -0.05198733 0.05011873
vt -0.05294194 0.05150402
vt -0.05622099 0.05004231
vt -0.09242968 0.08862971
vt -0.08939192 0.09054302
vt -0.09038185 0.09190328
vt -0.0932289 0.0901101
vt -0.1458642 0.04363958
vt -0.1442663 0.04660068
vt -0.14569 0.04749697
vt -0.1473949 0.04433751
vt -0.09602416 -0.1008085
vt -0.0980076 -0.09781604
vt -0.0995563 -0.09847317
vt -0.09723265 -0.1019789
vt -0.01552218 -0.08901155
vt -0.0191591 -0.08689917
vt -0.02034091 -0.0880965
vt -0.01597662 -0.09063136
vt 0.03830187 -0.03040319
vt 0.03511436 -0.02649007
vt 0.03358578 -0.02719274
vt 0.03730454 -0.03175804
vt 0.09378459 0.01895925
vt 0.0898702 0.02335798
vt 0.08842997 0.02248848
vt 0.09275371 0.01762974
vt 0.1344692 0.03793865
vt 0.1306404 0.04319627
vt 0.1292172 0.04229924
vt 0.1331786 0.03685942
vt 0.1534071 0.006913822
vt 0.1509919 0.0131949
vt 0.1494657 0.01248728
vt 0.1517999 0.006416584
vt 0.1200171 -0.05616921
vt 0.1204271 -0.04967814
vt 0.1187571 -0.04988115
vt 0.1183858 -0.05575766
vt 0.03801512 -0.07331488
vt 0.04067914 -0.06806376
vt 0.03903618 -0.06770186
vt 0.03675273 -0.07220282
vt -0.03695472 -0.03150055
vt -0.03376722 -0.02758743
vt -0.0352958 -0.02688476
vt -0.03795206 -0.03014569
vt -0.09183013 0.01834602
vt -0.08903415 0.02148796
vt -0.09047438 0.02235746
vt -0.09286101 0.01967553
vt -0.1321693 0.03806628
vt -0.1300558 0.04096838
vt -0.1314791 0.04186543
vt -0.1334598 0.03914552
vt -0.1513349 0.007919295
vt -0.1501274 0.01105983
vt -0.1516536 0.01176745
vt -0.1529421 0.008416532
vt -0.1186719 -0.05462426
vt -0.1188982 -0.05104131
vt -0.1205683 -0.0508383
vt -0.1203031 -0.05503581
vt -0.03703982 -0.07187684
vt -0.03894268 -0.06812604
vt -0.04058564 -0.06848793
vt -0.0383022 -0.07298889
vt 0.04441879 -0.04377065
vt 0.04341947 -0.03882352
vt 0.04173952 -0.03873379
vt 0.04290538 -0.04450544
vt 0.1123876 -0.01155829
vt 0.11022 -0.006083563
vt 0.1085689 -0.006406152
vt 0.1109632 -0.01245342
vt 0.1465349 0.01214328
vt 0.143722 0.01800751
vt 0.1421598 0.01738314
vt 0.1450702 0.01131569
vt 0.1486855 0.008111707
vt 0.1459716 0.01426959
vt 0.144481 0.01348952
vt 0.147104 0.007537883
vt 0.1161206 -0.02112754
vt 0.1143213 -0.01487737
vt 0.1128171 -0.01563081
vt 0.1144461 -0.02128922
vt 0.04534984 -0.04982595
vt 0.04504326 -0.04394572
vt 0.04343844 -0.04445054
vt 0.04370122 -0.04949075
vt -0.04271568 -0.04411466
vt -0.04171636 -0.03916753
vt -0.04339632 -0.03925727
vt -0.04422908 -0.04337987
vt -0.1103414 -0.01146373
vt -0.1087931 -0.00755321
vt -0.1104442 -0.007230622
vt -0.1117658 -0.0105686
vt -0.1442963 0.01268532
vt -0.1427436 0.01592226
vt -0.1443058 0.01654663
vt -0.145761 0.01351291
vt -0.1465674 0.009016671
vt -0.1452104 0.01209562
vt -0.146701 0.01287568
vt -0.1481488 0.00959049
vt -0.1143338 -0.02012576
vt -0.1133406 -0.01667579
vt -0.1148448 -0.01592235
vt -0.1160084 -0.01996407
vt -0.04378771 -0.04906509
vt -0.04356872 -0.04486492
vt -0.04517355 -0.04436009
vt -0.04543633 -0.04940029
vt 0.04217088 -0.0580915
vt 0.04371043 -0.053285
vt 0.04228743 -0.05238757
vt 0.04049129 -0.05799515
vt 0.1186632 -0.03750596
vt 0.1183946 -0.03162387
vt 0.1167284 -0.03139174
vt 0.117025 -0.03788897
vt 0.1492625 0.01169108
vt 0.1469059 0.0177531
vt 0.1453005 0.01724993
vt 0.1477389 0.01097782
vt 0.1359445 0.0342832
vt 0.1323642 0.0399811
vt 0.1310029 0.0389926
vt 0.1344633 0.03348555
vt 0.09769756 0.01640019
vt 0.0939322 0.02170341
vt 0.09276187 0.02049485
vt 0.09617073 0.01569373
vt 0.03896425 -0.02660795
vt 0.03593053 -0.0215614
vt 0.03475113 -0.02276112
vt 0.03735147 -0.02708673
vt -0.04051619 -0.0575615
vt -0.04205574 -0.052755
vt -0.04347873 -0.05365242
vt -0.04219578 -0.05765785
vt -0.1167591 -0.03675072
vt -0.1165673 -0.03254922
vt -0.1182335 -0.03278136
vt -0.1183973 -0.03636771
vt -0.1470719 0.01240259
vt -0.1457711 0.01574871
vt -0.1473764 0.0162519
vt -0.1485956 0.01311584
vt -0.1337174 0.03487066
vt -0.1319272 0.0377196
vt -0.1332885 0.03870809
vt -0.1351986 0.03566831
vt -0.09568007 0.01675458
vt -0.09360166 0.01968187
vt -0.094772 0.02089043
vt -0.09720689 0.01746105
vt -0.0372278 -0.02667034
vt -0.03506086 -0.02306565
vt -0.03624025 -0.02186594
vt -0.03884058 -0.02619155
vt 0.03021976 -0.07053249
vt 0.03407136 -0.06727092
vt 0.03333966 -0.06575603
vt 0.02884613 -0.06956119
vt 0.1097022 -0.06979902
vt 0.111937 -0.06435139
vt 0.1105237 -0.0634388
vt 0.1080551 -0.06945612
vt 0.144073 0.03878192
vt 0.1414245 0.04472225
vt 0.1398455 0.04414165
vt 0.1425858 0.03799547
vt 0.1015553 0.0834067
vt 0.09642792 0.08776502
vt 0.09542666 0.08641308
vt 0.1003823 0.08220074
vt 0.06081873 0.05408591
vt 0.05528846 0.05750909
vt 0.05467976 0.05594072
vt 0.05968644 0.05284163
vt 0.02175253 -0.008412428
vt 0.01673453 -0.005331715
vt 0.0162407 -0.006939956
vt 0.02054184 -0.009580566
vt -0.02909693 -0.06920654
vt -0.03294853 -0.06594497
vt -0.03368023 -0.06745987
vt -0.03047056 -0.07017784
vt -0.1082935 -0.06831174
vt -0.1098898 -0.06442058
vt -0.1113032 -0.06533317
vt -0.1099406 -0.06865463
vt -0.1418504 0.03938577
vt -0.1403885 0.04266473
vt -0.1419675 0.04324533
vt -0.1433376 0.04017223
vt -0.09925441 0.0832976
vt -0.09669073 0.08547676
vt -0.097692 0.0868287
vt -0.1004274 0.08450356
vt -0.05882203 0.05362839
vt -0.05576942 0.05551792
vt -0.05637813 0.0570863
vt -0.05995433 0.05487267
vt -0.02024021 -0.009267983
vt -0.01665592 -0.007067478
vt -0.01714974 -0.005459239
vt -0.02145089 -0.008099852
vt 0.00990832 -0.07656013
vt 0.0149337 -0.076093
vt 0.01520172 -0.07443214
vt 0.009338773 -0.07497713
vt 0.03043767 -0.1271493
vt 0.03618791 -0.125882
vt 0.03613262 -0.1242005
vt 0.02978104 -0.1256004
vt 0.04967495 0.1398176
vt 0.04357695 0.1420795
vt 0.04288752 0.1405449
vt 0.04919684 0.1382046
vt 0.01203049 0.1277864
vt 0.005341022 0.1285182
vt 0.005270491 0.1268374
vt 0.01173591 0.12613
vt 0.003584314 0.07520621
vt -0.002901465 0.07569271
vt -0.002718153 0.07402038
vt 0.00315357 0.07357993
vt -0.002323418 0.0005850621
vt -0.008196728 0.001003803
vt -0.00789305 -0.0006509122
vt -0.002858783 -0.001009832
vt -0.009747519 -0.0748301
vt -0.0147729 -0.07436296
vt -0.01450489 -0.07602383
vt -0.01031707 -0.07641311
vt -0.03085722 -0.1251442
vt -0.03496452 -0.124239
vt -0.03501981 -0.1259204
vt -0.03151386 -0.1266931
vt -0.04768891 0.1386515
vt -0.04432293 0.1399001
vt -0.04501236 0.1414347
vt -0.04816702 0.1402645
vt -0.01018695 0.1264053
vt -0.006842216 0.1267713
vt -0.006912743 0.1284522
vt -0.01048154 0.1280617
vt -0.002023766 0.07387932
vt 0.001556265 0.07414787
vt 0.001739576 0.07582019
vt -0.00245451 0.07550559
vt 0.003270573 -0.0008716347
vt 0.007465794 -0.0005725332
vt 0.007769476 0.001082177
vt 0.002735209 0.0007232568
vt -0.01122491 -0.0724014
vt -0.006860609 -0.07493627
vt -0.00567879 -0.07373894
vt -0.01077048 -0.0707816
vt -0.08911333 -0.09054226
vt -0.08586022 -0.09545026
vt -0.08431152 -0.09479313
vt -0.08790483 -0.08937185
vt -0.1408446 0.04653811
vt -0.1439333 0.04081426
vt -0.1425096 0.03991796
vt -0.1393139 0.04584018
vt -0.09147362 0.09679334
vt -0.09716773 0.09320699
vt -0.0961778 0.09184671
vt -0.09067441 0.09531295
vt -0.05693913 0.06404945
vt -0.06287964 0.06140136
vt -0.06192503 0.06001608
vt -0.05654695 0.06241345
vt -0.02778022 -0.001872167
vt -0.03318351 -0.004212174
vt -0.03215022 -0.005539804
vt -0.02751883 -0.003534087
vt 0.01035229 -0.07089898
vt 0.005987987 -0.07343385
vt 0.007169802 -0.07463118
vt 0.01080672 -0.07251879
vt 0.08709186 -0.09021138
vt 0.08476821 -0.0937171
vt 0.08631691 -0.09437422
vt 0.08830035 -0.09138178
vt 0.1399666 0.04440861
vt 0.1416714 0.04124914
vt 0.1430952 0.04214544
vt 0.1414973 0.04510655
vt 0.09205868 0.09456558
vt 0.09490574 0.0927724
vt 0.09589567 0.09413266
vt 0.0928579 0.09604597
vt 0.0576836 0.06214106
vt 0.06096265 0.06067936
vt 0.06191727 0.06206466
vt 0.05807578 0.06377706
vt 0.02794794 -0.003601574
vt 0.03180743 -0.005273004
vt 0.03284073 -0.003945376
vt 0.02820933 -0.001939659
vt -0.0243991 -0.06027613
vt -0.02211566 -0.06477708
vt -0.0204727 -0.06441518
vt -0.02313671 -0.05916408
vt -0.1075612 -0.04917378
vt -0.10719 -0.05505028
vt -0.1055199 -0.05525329
vt -0.10593 -0.04876222
vt -0.1467257 0.01143379
vt -0.1490599 0.005363096
vt -0.1475336 0.004655482
vt -0.1451185 0.01093655
vt -0.134304 0.04600362
vt -0.1382655 0.0405638
vt -0.1368422 0.03966676
vt -0.1330135 0.04492438
vt -0.09928162 0.03214521
vt -0.1036054 0.02728647
vt -0.1021651 0.02641697
vt -0.09825075 0.03081569
vt -0.04883707 -0.01476955
vt -0.05255582 -0.01933485
vt -0.05102725 -0.02003752
vt -0.04783974 -0.0161244
vt 0.02284968 -0.05949004
vt 0.02056623 -0.063991
vt 0.0222092 -0.06435289
vt 0.02411206 -0.0606021
vt 0.105644 -0.04989552
vt 0.1053788 -0.05409303
vt 0.1070489 -0.05389003
vt 0.1072752 -0.05030708
vt 0.1455834 0.009433407
vt 0.1468718 0.006082497
vt 0.1483981 0.00679011
vt 0.1471906 0.009930646
vt 0.1340225 0.04371761
vt 0.1360033 0.0409977
vt 0.1374265 0.04189474
vt 0.1353131 0.04479684
vt 0.09917448 0.03009952
vt 0.1015611 0.02741759
vt 0.1030013 0.02828709
vt 0.1002053 0.03142904
vt 0.04818956 -0.01638192
vt 0.05084581 -0.01964286
vt 0.05237439 -0.01894019
vt 0.04918689 -0.01502707
vt -0.03127721 -0.04625607
vt -0.03141871 -0.04897013
vt -0.03055455 -0.04924197
vt -0.03038946 -0.04607557
vt -0.1059286 -0.0190333
vt -0.1068057 -0.02208025
vt -0.1059957 -0.02248596
vt -0.1050268 -0.01912036
vt -0.1443475 0.01178477
vt -0.1457599 0.008579919
vt -0.1449572 0.008159867
vt -0.1434959 0.01147578
vt -0.1485107 0.0187015
vt -0.150078 0.01543429
vt -0.1492368 0.01509808
vt -0.147722 0.01825586
vt -0.1205253 -0.003292066
vt -0.1218146 -0.006548407
vt -0.1209255 -0.00672212
vt -0.1197583 -0.003774074
vt -0.05724859 -0.03699252
vt -0.05787639 -0.04010045
vt -0.05697177 -0.04005213
vt -0.05643365 -0.03738819
vt 0.03034281 -0.04630479
vt 0.03048431 -0.04901885
vt 0.03134847 -0.04874701
vt 0.03123056 -0.0464853
vt 0.1050874 -0.01974675
vt 0.105714 -0.02192315
vt 0.106524 -0.02151744
vt 0.1059891 -0.01965968
vt 0.1437846 0.01067934
vt 0.1445643 0.008910316
vt 0.1453669 0.009330369
vt 0.1446362 0.01098833
vt 0.1481387 0.01751826
vt 0.1489223 0.01588464
vt 0.1497635 0.01622086
vt 0.1489274 0.0179639
vt 0.1200932 -0.004306925
vt 0.1208049 -0.006104369
vt 0.121694 -0.005930658
vt 0.1208603 -0.003824916
vt 0.0565357 -0.03759862
vt 0.05698413 -0.03981857
vt 0.05788875 -0.03986689
vt 0.05735064 -0.03720295
vt -0.02485983 -0.03006282
vt -0.02626006 -0.03239209
vt -0.02562498 -0.03303812
vt -0.02399138 -0.03032064
vt -0.08738147 0.01501175
vt -0.08921707 0.01242643
vt -0.08858686 0.01177564
vt -0.08655929 0.01463134
vt -0.1311142 0.03729328
vt -0.1329775 0.03432782
vt -0.1322445 0.03379554
vt -0.1303165 0.03686376
vt -0.1517309 0.01808683
vt -0.1530439 0.01470941
vt -0.1521794 0.01443846
vt -0.1509104 0.01770275
vt -0.1290476 -0.03232878
vt -0.1292074 -0.03582742
vt -0.1283101 -0.03570243
vt -0.1281655 -0.03253502
vt -0.05668025 -0.05842141
vt -0.05571307 -0.061441
vt -0.05494682 -0.06095775
vt -0.05577583 -0.05836954
vt 0.02405792 -0.03054488
vt 0.02545816 -0.03287415
vt 0.02609324 -0.03222812
vt 0.02492638 -0.03028707
vt 0.08682372 0.01406024
vt 0.08813487 0.01221358
vt 0.08876508 0.01286437
vt 0.0876459 0.01444066
vt 0.1307181 0.03611786
vt 0.1317466 0.03448099
vt 0.1324797 0.03501327
vt 0.1315157 0.03654738
vt 0.1512696 0.01693536
vt 0.1519261 0.01524665
vt 0.1527905 0.0155176
vt 0.15209 0.01731943
vt 0.1283089 -0.03314776
vt 0.1283971 -0.03507895
vt 0.1292944 -0.03520395
vt 0.129191 -0.03294151
vt 0.05576232 -0.05860306
vt 0.05507147 -0.06075991
vt 0.05583773 -0.06124315
vt 0.05666675 -0.05865493
vt -0.01082266 -0.01797164
vt -0.01313875 -0.01939356
vt -0.01287283 -0.02025957
vt -0.01017073 -0.01860066
vt -0.05184802 0.04880368
vt -0.05454403 0.04713489
vt -0.05421626 0.04629035
vt -0.0512383 0.04813366
vt -0.09603841 0.08483121
vt -0.09870692 0.08256294
vt -0.09816776 0.08183494
vt -0.09540677 0.08418182
vt -0.1462238 0.04529635
vt -0.1476994 0.04198673
vt -0.1468491 0.04167409
vt -0.1454229 0.04487285
vt -0.1213017 -0.06947163
vt -0.1199725 -0.07271186
vt -0.1192114 -0.07222044
vt -0.1204148 -0.06928699
vt -0.04235557 -0.07848977
vt -0.03993588 -0.08053879
vt -0.03954187 -0.07972305
vt -0.0416159 -0.07796675
vt 0.01033314 -0.01876898
vt 0.01264923 -0.0201909
vt 0.01291514 -0.01932489
vt 0.01098507 -0.01813996
vt 0.05170385 0.04771009
vt 0.05362957 0.04651809
vt 0.05395735 0.04736263
vt 0.05231357 0.04838011
vt 0.09601388 0.0835911
vt 0.09748685 0.08233905
vt 0.09802601 0.08306705
vt 0.09664552 0.08424048
vt 0.1458191 0.04412353
vt 0.1465569 0.04246873
vt 0.1474072 0.04278136
vt 0.1466199 0.04454703
vt 0.1202867 -0.06990307
vt 0.1195529 -0.07169162
vt 0.120314 -0.07218304
vt 0.1211735 -0.07008772
vt 0.04148076 -0.0781577
vt 0.03975241 -0.07962128
vt 0.04014641 -0.08043702
vt 0.04222044 -0.07868072
vt 0.007615822 -0.01293128
vt 0.004904957 -0.01312455
vt 0.00474143 -0.01401559
vt 0.007904107 -0.0137901
vt 0.001943019 0.0663867
vt -0.001218803 0.06614953
vt -0.001317512 0.065249
vt 0.002174968 0.06551097
vt -0.006659944 0.1258732
vt -0.01014146 0.1254923
vt -0.01010348 0.1245872
vt -0.006501316 0.1249813
vt -0.04651856 0.1459111
vt -0.04991602 0.1446509
vt -0.04954477 0.1438246
vt -0.04626111 0.1450426
vt -0.03731922 -0.1364897
vt -0.03389901 -0.1372435
vt -0.03386923 -0.1363381
vt -0.03696563 -0.1356557
vt -0.01530162 -0.09002743
vt -0.01214453 -0.09032089
vt -0.01228885 -0.08942655
vt -0.01499493 -0.089175
vt -0.00768235 -0.01386456
vt -0.004971484 -0.01405784
vt -0.005135013 -0.01316681
vt -0.007394066 -0.01300574
vt -0.001566584 0.06534992
vt 0.0006918584 0.06518052
vt 0.0005931491 0.06608103
vt -0.001334637 0.06622564
vt 0.007335119 0.1248327
vt 0.009256853 0.1246224
vt 0.009294831 0.1255276
vt 0.007493747 0.1257246
vt 0.04707358 0.1448018
vt 0.04877231 0.1441717
vt 0.04914356 0.144998
vt 0.04733104 0.1456703
vt 0.03638625 -0.1359014
vt 0.03449836 -0.1363174
vt 0.03452813 -0.1372229
vt 0.03673984 -0.1367354
vt 0.01477485 -0.0892541
vt 0.01251978 -0.0894637
vt 0.01237546 -0.09035806
vt 0.01508154 -0.09010651
vt 0.02623868 -0.01629829
vt 0.02374476 -0.01521824
vt 0.02318835 -0.01593315
vt 0.02609793 -0.0171932
vt 0.05762461 0.05366822
vt 0.05472861 0.05495916
vt 0.05421456 0.05421321
vt 0.05741343 0.05278726
vt 0.09449169 0.0919569
vt 0.09152821 0.09382341
vt 0.09099515 0.09309093
vt 0.09406132 0.09115974
vt 0.1473167 0.044259
vt 0.1455959 0.04744801
vt 0.1448293 0.04696537
vt 0.1464925 0.04388318
vt 0.09534349 -0.1003235
vt 0.09727843 -0.09740426
vt 0.09644447 -0.0970504
vt 0.09469273 -0.09969326
vt 0.01464022 -0.08649324
vt 0.017382 -0.08490076
vt 0.01674562 -0.08425602
vt 0.01439552 -0.08562099
vt -0.02586685 -0.01715691
vt -0.02337293 -0.01607686
vt -0.02392934 -0.01536195
vt -0.02600761 -0.01626199
vt -0.05680147 0.05293412
vt -0.0547329 0.05385623
vt -0.05524693 0.05460218
vt -0.05701265 0.05381508
vt -0.09331582 0.09156214
vt -0.09168003 0.09259243
vt -0.0922131 0.09332491
vt -0.09374618 0.09235932
vt -0.1461411 0.04465371
vt -0.1452807 0.04624821
vt -0.1460473 0.04673085
vt -0.1469654 0.04502953
vt -0.09513082 -0.09924102
vt -0.09619887 -0.09762964
vt -0.09703283 -0.09798349
vt -0.09578158 -0.09987126
vt -0.01462065 -0.08555774
vt -0.01657907 -0.08442026
vt -0.01721545 -0.085065
vt -0.01486536 -0.08642998
vt 0.04082885 -0.02685805
vt 0.03911244 -0.0247509
vt 0.03828932 -0.02512928
vt 0.04029181 -0.02758762
vt 0.09563437 0.02240822
vt 0.09352654 0.02477685
vt 0.092751 0.02430865
vt 0.09507926 0.0216923
vt 0.1353162 0.04039732
vt 0.1332545 0.04322846
vt 0.1324881 0.04274542
vt 0.1346213 0.03981617
vt 0.1528517 0.008351218
vt 0.1515512 0.01173346
vt 0.1507293 0.01135243
vt 0.1519862 0.008083461
vt 0.1178352 -0.05453947
vt 0.118056 -0.05104415
vt 0.1171567 -0.05115346
vt 0.1169568 -0.05431786
vt 0.03492522 -0.07023707
vt 0.03635975 -0.06740944
vt 0.03547504 -0.06721456
vt 0.03424545 -0.06963824
vt -0.04010343 -0.02744898
vt -0.03838701 -0.02534183
vt -0.03921013 -0.02496346
vt -0.04064047 -0.02671941
vt -0.09458194 0.02207804
vt -0.09307636 0.02376992
vt -0.09385189 0.02423813
vt -0.09513704 0.02279395
vt -0.1340776 0.04046611
vt -0.1329396 0.04202886
vt -0.133706 0.04251189
vt -0.1347726 0.04104727
vt -0.1517358 0.008892476
vt -0.1510856 0.0105836
vt -0.1519075 0.01096464
vt -0.1526013 0.009160227
vt -0.1171109 -0.05370753
vt -0.1172327 -0.05177817
vt -0.118132 -0.05166886
vt -0.1179893 -0.05392914
vt -0.03439996 -0.06946268
vt -0.03542463 -0.06744295
vt -0.03630934 -0.06763782
vt -0.03507974 -0.0700615
vt 0.04830865 -0.04180207
vt 0.04777054 -0.03913813
vt 0.04686592 -0.03908981
vt 0.04749371 -0.04219774
vt 0.115309 -0.008945877
vt 0.1141418 -0.00599783
vt 0.1132527 -0.006171541
vt 0.1145419 -0.009427886
vt 0.1478115 0.0144144
vt 0.1462968 0.01757219
vt 0.1454555 0.01723598
vt 0.1470228 0.01396876
vt 0.148058 0.00952642
vt 0.1465966 0.01284234
vt 0.1457939 0.01242228
vt 0.1472064 0.009217428
vt 0.1135125 -0.02032201
vt 0.1125436 -0.0169564
vt 0.1117336 -0.01736211
vt 0.1126108 -0.02040907
vt 0.0411325 -0.04869048
vt 0.04096741 -0.04552408
vt 0.04010325 -0.04579591
vt 0.04024475 -0.04850998
vt -0.04739156 -0.04198732
vt -0.04685344 -0.03932338
vt -0.04775807 -0.0393717
vt -0.0482065 -0.04159165
vt -0.1142071 -0.008894973
vt -0.1133734 -0.006789227
vt -0.1142625 -0.00661552
vt -0.1149742 -0.00841296
vt -0.146606 0.01470624
vt -0.1457698 0.01644928
vt -0.1466111 0.01678549
vt -0.1473947 0.01515188
vt -0.1469173 0.01001365
vt -0.1461866 0.01167161
vt -0.1469893 0.01209167
vt -0.1477689 0.01032265
vt -0.1125504 -0.01978254
vt -0.1120156 -0.01792479
vt -0.1128256 -0.01751908
vt -0.1134521 -0.01969547
vt -0.04029125 -0.04828078
vt -0.04017333 -0.04601907
vt -0.0410375 -0.04574722
vt -0.041179 -0.04846128
vt 0.04652993 -0.0582618
vt 0.04735895 -0.05567359
vt 0.0465927 -0.05519034
vt 0.04562551 -0.05820993
vt 0.1222756 -0.03597801
vt 0.1221309 -0.03281061
vt 0.1212337 -0.03268561
vt 0.1213934 -0.03618426
vt 0.1507061 0.01386569
vt 0.1494371 0.01712998
vt 0.1485726 0.01685903
vt 0.1498856 0.01348161
vt 0.1351136 0.0355984
vt 0.1331857 0.03866661
vt 0.1324526 0.03813433
vt 0.134316 0.03516888
vt 0.09496473 0.01630407
vt 0.09293715 0.01915976
vt 0.09230695 0.01850897
vt 0.09414255 0.01592365
vt 0.03470324 -0.02758073
vt 0.03306964 -0.02486325
vt 0.03243455 -0.02550927
vt 0.03383479 -0.02783854
vt -0.04563893 -0.05797641
vt -0.04646794 -0.05538819
vt -0.0472342 -0.05587144
vt -0.04654335 -0.05802829
vt -0.1212503 -0.03557125
vt -0.121147 -0.03330882
vt -0.1220442 -0.03343381
vt -0.1221324 -0.035365
vt -0.1495265 0.01424872
vt -0.148826 0.01605055
vt -0.1496905 0.01632151
vt -0.150347 0.0146328
vt -0.1339143 0.03591472
vt -0.1329503 0.03744882
vt -0.1336833 0.0379811
vt -0.1347119 0.03634423
vt -0.09387846 0.01649494
vt -0.09275927 0.01807123
vt -0.09338948 0.01872202
vt -0.09470063 0.01687536
vt -0.03376814 -0.02761436
vt -0.03260129 -0.0256733
vt -0.03323636 -0.02502728
vt -0.0346366 -0.02735654
vt 0.03383043 -0.07297836
vt 0.03590445 -0.07122207
vt 0.03551044 -0.07040632
vt 0.03309075 -0.07245533
vt 0.1136226 -0.06992761
vt 0.1148261 -0.06699416
vt 0.114065 -0.06650274
vt 0.1127357 -0.06974297
vt 0.1454054 0.04103034
vt 0.1439792 0.0442291
vt 0.1431289 0.04391646
vt 0.1446045 0.04060684
vt 0.1003623 0.08441678
vt 0.09760136 0.08676366
vt 0.09706219 0.08603565
vt 0.09973071 0.08376738
vt 0.05833313 0.0529413
vt 0.05535517 0.05478462
vt 0.0550274 0.05394008
vt 0.05772341 0.05227128
vt 0.01841475 -0.01123266
vt 0.01571264 -0.009573752
vt 0.01544673 -0.01043976
vt 0.01776282 -0.01186168
vt -0.0332258 -0.07226436
vt -0.03529982 -0.07050807
vt -0.03569383 -0.07132381
vt -0.03396548 -0.07278739
vt -0.1128641 -0.06912671
vt -0.1137237 -0.06703139
vt -0.1144847 -0.06752281
vt -0.113751 -0.06931135
vt -0.1442086 0.0413553
vt -0.1434214 0.04312097
vt -0.1442717 0.04343361
vt -0.1450095 0.0417788
vt -0.0991233 0.08435799
vt -0.0977428 0.08553143
vt -0.09828196 0.08625942
vt -0.09975494 0.08500738
vt -0.05725799 0.05269497
vt -0.05561421 0.05371246
vt -0.05594199 0.054557
vt -0.05786771 0.05336499
vt -0.01760035 -0.01169342
vt -0.01567028 -0.01050848
vt -0.01593619 -0.009642476
vt -0.01825228 -0.0110644
vt 0.01147082 -0.08062639
vt 0.0141769 -0.08037484
vt 0.01432122 -0.0794805
vt 0.01116413 -0.07977397
vt 0.03256922 -0.1304388
vt 0.03566562 -0.1297564
vt 0.03563585 -0.128851
vt 0.03221563 -0.1296048
vt 0.04899513 0.1423424
vt 0.04571146 0.1435605
vt 0.04534022 0.1427341
vt 0.04873767 0.1414739
vt 0.01047203 0.1279555
vt 0.00686987 0.1283496
vt 0.00683189 0.1274445
vt 0.01031341 0.1270636
vt 0.00190261 0.07304917
vt -0.001589869 0.07331114
vt -0.001491159 0.07241061
vt 0.001670661 0.07217344
vt -0.003988146 -0.003450063
vt -0.00715082 -0.003224577
vt -0.006987294 -0.004115611
vt -0.00427643 -0.004308884
vt -0.01138424 -0.07969479
vt -0.01409032 -0.07944325
vt -0.013946 -0.0803376
vt -0.01169094 -0.08054721
vt -0.03279509 -0.1293592
vt -0.03500681 -0.1288717
vt -0.03503658 -0.1297772
vt -0.03314868 -0.1301932
vt -0.0479257 0.1417146
vt -0.04611318 0.1423869
vt -0.04648443 0.1432132
vt -0.04818315 0.1425831
vt -0.009479221 0.1272118
vt -0.007678139 0.1274089
vt -0.007716116 0.128314
vt -0.009637849 0.1281037
vt -0.00106227 0.07233469
vt 0.0008655146 0.0724793
vt 0.0009642231 0.07337982
vt -0.001294219 0.07321041
vt 0.004498172 -0.00423453
vt 0.006757224 -0.004073468
vt 0.006920752 -0.003182437
vt 0.004209888 -0.00337571
vt -0.01230669 -0.07661351
vt -0.00995659 -0.07797849
vt -0.009320203 -0.07733375
vt -0.01206199 -0.07574128
vt -0.09140941 -0.09371287
vt -0.08965766 -0.09635574
vt -0.08882371 -0.09600189
vt -0.09075865 -0.09308262
vt -0.1434381 0.04621466
vt -0.1451013 0.04313247
vt -0.1443347 0.04264983
vt -0.1426139 0.04583884
vt -0.09280104 0.09595814
vt -0.09586722 0.09402695
vt -0.09533416 0.09329447
vt -0.09237067 0.09516098
vt -0.05739929 0.06135761
vt -0.06059816 0.05993165
vt -0.06008412 0.05918569
vt -0.05718811 0.06047664
vt -0.02739779 -0.006213188
vt -0.03030736 -0.007473242
vt -0.02975095 -0.008188146
vt -0.02725703 -0.007108101
vt 0.01183681 -0.07580449
vt 0.009486707 -0.07716947
vt 0.0101231 -0.07781422
vt 0.01208151 -0.07667674
vt 0.09032099 -0.09353463
vt 0.08906974 -0.0954224
vt 0.0899037 -0.09577624
vt 0.09097175 -0.09416487
vt 0.1429653 0.0450679
vt 0.1438834 0.04336658
vt 0.14465 0.04384921
vt 0.1437896 0.04544372
vt 0.09311609 0.09475851
vt 0.09464918 0.09379291
vt 0.09518224 0.0945254
vt 0.09354646 0.09555568
vt 0.05780027 0.06033004
vt 0.05956598 0.05954295
vt 0.06008003 0.0602889
vt 0.05801145 0.061211
vt 0.02748807 -0.00714449
vt 0.02956634 -0.00804453
vt 0.03012275 -0.007329625
vt 0.02762883 -0.00624958
vt -0.02759322 -0.06321592
vt -0.02636363 -0.0656396
vt -0.02547892 -0.06544472
vt -0.02691345 -0.0626171
vt -0.111128 -0.05077253
vt -0.1109281 -0.05393692
vt -0.1100288 -0.05404624
vt -0.1102496 -0.05055092
vt -0.1492538 0.01078515
vt -0.1505108 0.007516186
vt -0.1496889 0.007135148
vt -0.1483884 0.01051739
vt -0.1352273 0.04474016
vt -0.1373604 0.04181092
vt -0.1365941 0.04132788
vt -0.1345323 0.04415902
vt -0.09859442 0.0295086
vt -0.1009227 0.02689225
vt -0.1001471 0.02642404
vt -0.09803931 0.02879268
vt -0.04650187 -0.01843962
vt -0.04850435 -0.02089796
vt -0.04768123 -0.02127633
vt -0.04596483 -0.01916919
vt 0.02675888 -0.06279262
vt 0.02552929 -0.0652163
vt 0.026414 -0.06541118
vt 0.02743866 -0.06339145
vt 0.1100956 -0.05116119
vt 0.1099528 -0.05342147
vt 0.1108521 -0.05331215
vt 0.110974 -0.0513828
vt 0.1486388 0.009707845
vt 0.1493326 0.007903435
vt 0.1501544 0.008284473
vt 0.1495042 0.009975594
vt 0.1350756 0.04350924
vt 0.1361422 0.04204462
vt 0.1369086 0.04252765
vt 0.1357706 0.04409039
vt 0.09853674 0.0284071
vt 0.0998219 0.02696292
vt 0.1005974 0.02743113
vt 0.09909185 0.02912302
vt 0.04615314 -0.01930791
vt 0.04758348 -0.02106387
vt 0.0484066 -0.02068549
vt 0.04669018 -0.01857835
vt -0.020383 0.1446394
vt -0.02242348 0.1442878
vt -0.02123484 0.1373894
vt -0.01919436 0.137741
vt 0.1192143 0.08893569
vt 0.1176822 0.09032853
vt 0.1129734 0.08514907
vt 0.1145055 0.08375623
vt 0.1490475 0.03350666
vt 0.1480189 0.03530364
vt 0.1419438 0.03182615
vt 0.1429724 0.03002917
vt 0.153272 0.01735905
vt 0.1523875 0.01923119
vt 0.1460583 0.01624108
vt 0.1469427 0.01436894
vt 0.1486674 0.03063435
vt 0.1477107 0.03247061
vt 0.1415028 0.02923613
vt 0.1424595 0.02739988
vt 0.1267537 0.07584526
vt 0.1254331 0.07744
vt 0.1200417 0.07297538
vt 0.1213623 0.07138065
vt 0.02242398 0.1442877
vt 0.0203835 0.1446393
vt 0.01919484 0.137741
vt 0.02123532 0.1373894
vt -0.1176823 0.09032845
vt -0.1192144 0.08893561
vt -0.1145055 0.08375616
vt -0.1129735 0.085149
vt -0.1480189 0.03530363
vt -0.1490475 0.03350665
vt -0.1429724 0.03002916
vt -0.1419438 0.03182614
vt -0.1523875 0.01923119
vt -0.153272 0.01735904
vt -0.1469427 0.01436893
vt -0.1460583 0.01624108
vt -0.1477107 0.03247058
vt -0.1486674 0.03063432
vt -0.1424595 0.02739984
vt -0.1415028 0.02923611
vt -0.1254332 0.0774398
vt -0.1267538 0.07584506
vt -0.1213624 0.07138045
vt -0.1200418 0.07297519
vt 0.01043014 -0.05089052
vt 0.01131652 -0.04901927
vt 0.01114852 -0.04695555
vt 0.009971173 -0.04525231
vt 0.008099935 -0.04436594
vt 0.006036208 -0.04453393
vt 0.004332965 -0.04571128
vt 0.00344659 -0.04758251
vt 0.003614584 -0.04964624
vt 0.004791936 -0.05134948
vt 0.006663175 -0.05223586
vt 0.008726901 -0.05206787
vt -0.008726901 -0.05206787
vt -0.006663175 -0.05223586
vt -0.004791936 -0.05134948
vt -0.003614584 -0.04964624
vt -0.003446589 -0.04758251
vt -0.004332965 -0.04571128
vt -0.006036208 -0.04453393
vt -0.008099934 -0.04436593
vt -0.009971171 -0.04525231
vt -0.01114852 -0.04695555
vt -0.01131652 -0.04901927
vt -0.01043014 -0.05089052
vt -0.05285746 0.139485
vt -0.05897891 0.1384302
vt -0.05754663 0.1301179
vt -0.05142518 0.1311727
vt 0.09714122 0.1095909
vt 0.09254508 0.1137694
vt 0.08687108 0.1075283
vt 0.09146722 0.1033498
vt 0.1400247 0.05014461
vt 0.1369388 0.05553554
vt 0.1296185 0.05134529
vt 0.1327044 0.04595435
vt 0.1528141 0.01934609
vt 0.1501608 0.02496253
vt 0.1425342 0.02135955
vt 0.1451876 0.01574311
vt 0.1564583 0.01662241
vt 0.1535881 0.02213119
vt 0.1461077 0.01823374
vt 0.148978 0.01272498
vt 0.1464176 0.05278114
vt 0.1424558 0.05756536
vt 0.1359593 0.05218566
vt 0.1399211 0.04740144
vt 0.05897892 0.1384301
vt 0.05285747 0.1394849
vt 0.05142518 0.1311727
vt 0.05754663 0.1301179
vt -0.09254498 0.1137694
vt -0.09714112 0.1095908
vt -0.09146713 0.1033497
vt -0.08687098 0.1075283
vt -0.1369387 0.05553563
vt -0.1400246 0.05014469
vt -0.1327043 0.04595443
vt -0.1296184 0.05134537
vt -0.1501607 0.0249625
vt -0.1528141 0.01934607
vt -0.1451876 0.01574309
vt -0.1425342 0.02135952
vt -0.1535881 0.0221311
vt -0.1564583 0.01662233
vt -0.148978 0.01272489
vt -0.1461077 0.01823367
vt -0.1424558 0.05756532
vt -0.1464176 0.0527811
vt -0.1399211 0.04740139
vt -0.1359593 0.05218561
vt -0.01863562 -0.05485595
vt -0.0159765 -0.04924224
vt -0.01648048 -0.04305106
vt -0.02001253 -0.03794133
vt -0.02562624 -0.03528221
vt -0.03181743 -0.0357862
vt -0.03692715 -0.03931824
vt -0.03958628 -0.04493196
vt -0.03908229 -0.05112313
vt -0.03555024 -0.05623286
vt -0.02993653 -0.05889199
vt -0.02374535 -0.058388
vt 0.02374535 -0.05838799
vt 0.02993653 -0.05889197
vt 0.03555023 -0.05623285
vt 0.03908229 -0.05112313
vt 0.03958627 -0.04493195
vt 0.03692715 -0.03931824
vt 0.03181742 -0.03578619
vt 0.02562625 -0.03528221
vt 0.02001254 -0.03794134
vt 0.01648049 -0.04305106
vt 0.0159765 -0.04924224
vt 0.01863563 -0.05485594
vt -0.03556118 -0.03019466
vt -0.03424651 -0.03598066
vt -0.03213473 -0.03620907
vt 0.1297217 0.06090014
vt 0.1265426 0.06663208
vt 0.1224898 0.06439895
vt 0.125669 0.05866702
vt 0.1218377 0.07511283
vt 0.1164393 0.08483092
vt 0.1123987 0.08257581
vt 0.1177971 0.07285772
vt 0.1404629 0.03868121
vt 0.1371747 0.04528354
vt 0.1330297 0.04322676
vt 0.1363179 0.03662443
vt 0.1462048 0.0359836
vt 0.1418351 0.04295156
vt 0.1379135 0.04049529
vt 0.1422832 0.03352733
vt 0.1182172 0.09882929
vt 0.1109677 0.1027142
vt 0.1087782 0.09863765
vt 0.1160277 0.09475277
vt -0.04587007 0.1434616
vt -0.05251621 0.1386165
vt -0.04979399 0.1348747
vt -0.04314784 0.1397198
vt -0.1045362 0.1011174
vt -0.10899 0.0943708
vt -0.1051319 0.09181608
vt -0.100678 0.09856274
vt -0.1316291 0.05628783
vt -0.1356543 0.04802774
vt -0.1314972 0.04599529
vt -0.127472 0.05425537
vt -0.1378209 0.04362472
vt -0.1406418 0.03785989
vt -0.1364859 0.035825
vt -0.1336651 0.04158984
vt -0.03737821 -0.01850561
vt -0.03789159 -0.009331309
vt -0.04334924 -0.003367374
vt -0.05103554 -0.0004404325
vt -0.05897431 -0.002590378
vt -0.0641332 -0.00899601
vt -0.06546356 -0.01625088
vt -0.0600816 -0.02597808
vt -0.05441596 -0.03133877
vt -0.05138004 -0.03714778
vt -0.03606287 -0.03114193
vt -0.0378871 -0.02490339
vt 0.03605516 -0.03114305
vt 0.05137232 -0.0371489
vt 0.05440824 -0.03133989
vt 0.06007388 -0.0259792
vt 0.06545585 -0.01625201
vt 0.06412549 -0.008997133
vt 0.0589666 -0.002591501
vt 0.05102783 -0.0004415491
vt 0.04334153 -0.003368493
vt 0.03788388 -0.009332424
vt 0.0373705 -0.01850673
vt 0.03787939 -0.02490451
vt -0.1334845 0.05290305
vt -0.1364144 0.04710106
vt -0.13229 0.04500305
vt -0.1293601 0.05080502
vt 0.1062353 0.09734569
vt 0.1017227 0.1037075
vt 0.09795113 0.1010266
vt 0.1024637 0.09466474
vt 0.1358624 0.04852661
vt 0.1317483 0.04640853
vt 0.1346173 0.04078036
vt 0.1387314 0.04289845
vt 0.04733134 -0.03605599
vt 0.04230149 -0.04207952
vt 0.04525421 -0.042022
vt -0.1252159 0.05950608
vt -0.1292506 0.06177178
vt -0.1326063 0.05571764
vt -0.1285716 0.05345193
vt 0.09493628 0.1063609
vt 0.08858483 0.1124528
vt 0.08522232 0.1092932
vt 0.09175195 0.1030037
vt -0.1504478 0.0320347
vt -0.1540625 0.0267381
vt -0.1502111 0.02417326
vt -0.1465964 0.02946985
vt 0.03704885 -0.03081071
vt 0.03602607 -0.03653536
vt 0.04306962 -0.03818677
vt 0.05163244 -0.03743216
vt 0.03631036 -0.03143873
vt 0.04231376 -0.03882893
vt -0.03694895 -0.02993163
vt -0.05228247 -0.03589571
vt -0.04265503 -0.03639128
vt -0.05201409 -0.03943707
vt -0.04707188 -0.04553264
vt -0.042697 -0.0408444
vt -0.04247681 -0.04002701
vt -0.04238627 -0.03992438
vt -0.1537098 0.01770256
vt -0.1565184 0.01111761
vt -0.1529104 0.009149314
vt -0.1496309 0.01552311
vt -0.09161421 0.1145879
vt -0.09821069 0.1120098
vt -0.09857524 0.1118559
vt -0.09684295 0.1075771
vt -0.09011869 0.1102453
vt -0.04722155 -0.0359981
vt -0.04514445 -0.04196412
vt -0.04219173 -0.04202165
vt 0.03703086 -0.03080993
vt 0.03363217 -0.03684007
vt 0.03600775 -0.03653451
vt 0.05184595 -0.03864724
vt 0.04252821 -0.04005031
vt 0.04690095 -0.04474062
vt -0.03655734 -0.03028919
vt -0.04225571 -0.03675565
vt -0.0423462 -0.03685834
vt -0.03526023 -0.03607915
vt 0.1432244 0.02521535
vt 0.1461993 0.01901672
vt 0.1498249 0.02095417
vt 0.1473827 0.02724068
vt -0.1051572 0.0969124
vt -0.1095876 0.09165262
vt -0.1060704 0.08864574
vt -0.10164 0.09390552
vt -0.03408736 -0.03467603
vt -0.02632513 -0.03882355
vt -0.03197547 -0.03490343
vt -0.04492036 -0.03145074
vt -0.04454806 -0.03818601
vt -0.04196762 -0.03150653
vt 0.03364506 -0.03692738
vt 0.02801471 -0.04087617
vt 0.03602063 -0.03662173
vt 0.0423176 -0.04279909
vt 0.04462358 -0.04958785
vt 0.04527032 -0.04274143
vt -0.0367476 -0.04430594
vt -0.03251687 -0.04155392
vt -0.03305252 -0.03995913
vt -0.03798837 -0.04316982
vt 0.0469107 -0.09133998
vt 0.04987038 -0.08624965
vt 0.04859532 -0.08515213
vt 0.04532612 -0.0907748
vt 0.1421768 0.008772333
vt 0.1392701 0.01459071
vt 0.1377182 0.01394137
vt 0.1407255 0.007921367
vt 0.1269133 0.08477181
vt 0.1213882 0.08861354
vt 0.1205225 0.08717106
vt 0.1258625 0.08345799
vt 0.1017523 0.08006842
vt 0.09592287 0.08295276
vt 0.09546535 0.08133382
vt 0.1007429 0.07872255
vt 0.07573256 0.02950666
vt 0.07042947 0.03206564
vt 0.07010034 0.0304158
vt 0.07464585 0.02822239
vt 0.03769502 -0.04284944
vt 0.03346429 -0.04009742
vt 0.03292864 -0.04169222
vt 0.03645424 -0.04398557
vt -0.04571906 -0.08967391
vt -0.04783311 -0.08603796
vt -0.04910817 -0.08713546
vt -0.04730364 -0.09023907
vt -0.1399297 0.009277773
vt -0.1383253 0.01248942
vt -0.1398773 0.01313875
vt -0.141381 0.01012874
vt -0.1246337 0.08444081
vt -0.1218712 0.08636166
vt -0.122737 0.08780415
vt -0.1256845 0.08575462
vt -0.09980794 0.07942391
vt -0.09659018 0.08101601
vt -0.0970477 0.08263496
vt -0.1008174 0.08076976
vt -0.07431424 0.02850291
vt -0.07052632 0.03033076
vt -0.07085545 0.03198059
vt -0.07540096 0.02978718
vt -0.05595339 -0.04181466
vt -0.05091031 -0.04201461
vt -0.05042552 -0.04040362
vt -0.05630912 -0.04017035
vt -0.0642807 -0.1003141
vt -0.05841799 -0.1008617
vt -0.05795763 -0.09924356
vt -0.06443346 -0.09863872
vt 0.03230292 0.1450928
vt 0.02588181 0.1440578
vt 0.02603767 0.1423827
vt 0.03268131 0.1434536
vt 0.04869798 0.1374954
vt 0.04197599 0.1371797
vt 0.0421673 0.1355083
vt 0.04866415 0.1358134
vt 0.05182341 0.09921161
vt 0.04532276 0.09900283
vt 0.04568359 0.09735963
vt 0.05156877 0.09754865
vt 0.05365539 0.03424132
vt 0.04776991 0.03406196
vt 0.04823992 0.0324466
vt 0.05328462 0.03260034
vt 0.05588457 -0.04007851
vt 0.05084149 -0.04027845
vt 0.05132628 -0.04188944
vt 0.05552885 -0.04172282
vt 0.06326953 -0.09853272
vt 0.05908188 -0.09892383
vt 0.05954225 -0.100542
vt 0.06311677 -0.1002081
vt -0.03114837 0.1430997
vt -0.02760403 0.1425284
vt -0.02744817 0.1442035
vt -0.03076998 0.1447389
vt -0.04709134 0.1358449
vt -0.04373034 0.1356871
vt -0.04353903 0.1373585
vt -0.04712517 0.1375269
vt -0.05041344 0.09772567
vt -0.0468252 0.09761044
vt -0.04646437 0.09925364
vt -0.05066808 0.09938865
vt -0.05286093 0.03269602
vt -0.04865701 0.0325679
vt -0.048187 0.03418326
vt -0.0532317 0.034337
vt -0.07217 -0.02912686
vt -0.06815871 -0.03218991
vt -0.06683584 -0.03115053
vt -0.07151567 -0.02757697
vt -0.1277774 -0.01624795
vt -0.1252529 -0.02156757
vt -0.1236267 -0.02113664
vt -0.1264151 -0.0152607
vt -0.1139225 0.09701065
vt -0.1166452 0.09110397
vt -0.115168 0.09029894
vt -0.1123509 0.0964103
vt -0.04821824 0.1264194
vt -0.05349892 0.1222482
vt -0.05237003 0.1210008
vt -0.04726621 0.1250324
vt -0.004907865 0.09034277
vt -0.01056092 0.08712641
vt -0.009475407 0.08584113
vt -0.004357568 0.08875297
vt 0.03028426 0.02800051
vt 0.02514627 0.02512435
vt 0.02630893 0.02390841
vt 0.03071292 0.02637369
vt 0.07111552 -0.02774593
vt 0.06710424 -0.03080897
vt 0.0684271 -0.03184836
vt 0.07176984 -0.02929582
vt 0.1257293 -0.01620697
vt 0.1239262 -0.0200067
vt 0.1255524 -0.02043762
vt 0.1270916 -0.01719421
vt 0.1129126 0.09494037
vt 0.1144155 0.09167998
vt 0.1158927 0.09248502
vt 0.1144842 0.0955407
vt 0.04856303 0.1241421
vt 0.05120338 0.1220565
vt 0.05233227 0.1233038
vt 0.04951505 0.1255291
vt 0.005462156 0.08837073
vt 0.00858254 0.08659536
vt 0.009668053 0.08788064
vt 0.006012454 0.08996053
vt -0.03029288 0.02626297
vt -0.02662289 0.02420858
vt -0.02546022 0.02542452
vt -0.02986421 0.02788979
vt -0.08008526 -0.01359615
vt -0.07832703 -0.01832704
vt -0.07665362 -0.01815381
vt -0.07870489 -0.01263444
vt -0.1314528 0.01733641
vt -0.1315316 0.01144871
vt -0.1298819 0.01111871
vt -0.1297949 0.01762213
vt -0.1319515 0.06761527
vt -0.1342805 0.06154253
vt -0.1327536 0.06083626
vt -0.1303439 0.06711943
vt -0.09665503 0.08201541
vt -0.1003267 0.07637592
vt -0.09885848 0.07555452
vt -0.09530982 0.08100512
vt -0.04762811 0.0558751
vt -0.05154792 0.050685
vt -0.05004254 0.0499339
vt -0.04649385 0.05463262
vt 0.01124205 0.01124925
vt 0.008007805 0.006328804
vt 0.009600017 0.00578554
vt 0.01237223 0.01000307
vt 0.07845657 -0.01299087
vt 0.07669835 -0.01772176
vt 0.07837175 -0.01789498
vt 0.07983695 -0.01395258
vt 0.1295964 0.01647038
vt 0.1296527 0.01226489
vt 0.1313023 0.01259489
vt 0.1312543 0.01618465
vt 0.1308077 0.06561597
vt 0.1320932 0.06226392
vt 0.1336201 0.0629702
vt 0.1324153 0.06611179
vt 0.09625438 0.07974715
vt 0.09809019 0.0769274
vt 0.09955839 0.07774881
vt 0.09759959 0.08075743
vt 0.04735715 0.05384469
vt 0.04952081 0.05097985
vt 0.05102618 0.05173094
vt 0.0484914 0.05508717
vt -0.01205052 0.009711256
vt -0.009740338 0.006196653
vt -0.008148121 0.006739918
vt -0.01092033 0.01095744
vt -0.08014242 -0.0002479371
vt -0.08093038 -0.005233089
vt -0.07938709 -0.005902835
vt -0.0784678 -8.682565E-05
vt -0.1275376 0.03308301
vt -0.1295432 0.0275469
vt -0.128093 0.02669406
vt -0.1258777 0.03280914
vt -0.1385842 0.05116111
vt -0.141326 0.04526328
vt -0.1398514 0.04445346
vt -0.1370145 0.05055569
vt -0.1197848 0.04063483
vt -0.1225374 0.03449412
vt -0.1209595 0.03391037
vt -0.1182992 0.0398454
vt -0.07244314 0.01028656
vt -0.07440367 0.004085076
vt -0.07273384 0.003880097
vt -0.07095894 0.009494434
vt 0.001364818 -0.01251943
vt 0.0008133688 -0.01838176
vt 0.002474525 -0.01811558
vt 0.002947191 -0.01309072
vt 0.07842617 -0.0005192236
vt 0.07921414 -0.005504376
vt 0.08075743 -0.004834631
vt 0.08010079 -0.0006803359
vt 0.1260681 0.03165602
vt 0.1275006 0.02770165
vt 0.1289508 0.02855448
vt 0.127728 0.03192989
vt 0.1375807 0.0490879
vt 0.1390941 0.04583241
vt 0.1405687 0.04664223
vt 0.1391503 0.04969333
vt 0.1190374 0.03845614
vt 0.1204136 0.03538579
vt 0.1219915 0.03596955
vt 0.120523 0.03924557
vt 0.07150937 0.00846335
vt 0.07259154 0.005040247
vt 0.07426135 0.005245228
vt 0.07299356 0.009255472
vt -0.002799743 -0.01349929
vt -0.002405852 -0.01768667
vt -0.0007446961 -0.01795286
vt -0.001217365 -0.012928
vt -0.07401998 0.009705672
vt -0.0770437 0.005664646
vt -0.07599144 0.004351996
vt -0.07246377 0.009066528
vt -0.1161882 0.0496202
vt -0.1199537 0.04509336
vt -0.1188791 0.04379897
vt -0.1147198 0.04879921
vt -0.138417 0.0523668
vt -0.1421233 0.04702219
vt -0.1408082 0.04597303
vt -0.1369734 0.05150286
vt -0.1338035 0.01280424
vt -0.1362023 0.006516919
vt -0.1345938 0.006023854
vt -0.1322753 0.0121006
vt -0.08106517 -0.0385518
vt -0.08084979 -0.04505224
vt -0.07920696 -0.04468974
vt -0.07940194 -0.03880475
vt 0.004385532 -0.03768745
vt 0.006808219 -0.04305418
vt 0.00811983 -0.04200063
vt 0.00604324 -0.03740057
vt 0.07262879 0.008664722
vt 0.0756525 0.004623696
vt 0.07670476 0.005936347
vt 0.074185 0.009303866
vt 0.1152902 0.04777908
vt 0.1179799 0.04454563
vt 0.1190545 0.04584001
vt 0.1167586 0.04860006
vt 0.1377812 0.05015303
vt 0.1398271 0.0472029
vt 0.1411422 0.04825206
vt 0.1392248 0.05101698
vt 0.1329332 0.01067143
vt 0.1341326 0.00752777
vt 0.1357411 0.008020828
vt 0.1344613 0.01137508
vt 0.07957782 -0.03996025
vt 0.07945894 -0.04354837
vt 0.08110177 -0.04391086
vt 0.08124105 -0.0397073
vt -0.006117383 -0.03782859
vt -0.007847878 -0.04166197
vt -0.006536269 -0.04271552
vt -0.004459676 -0.03811547
vt -0.06296739 0.01563387
vt -0.0675129 0.01344046
vt -0.06718377 0.01179062
vt -0.06188068 0.0143496
vt -0.09049039 0.07127905
vt -0.09576793 0.06866778
vt -0.09531042 0.06704883
vt -0.08948095 0.06993318
vt -0.1188466 0.0847609
vt -0.1241866 0.08104784
vt -0.1233208 0.07960536
vt -0.1177958 0.08344708
vt -0.1433475 0.0167535
vt -0.1463549 0.01073349
vt -0.1448029 0.01008416
vt -0.1418963 0.01590253
vt -0.06115311 -0.09245364
vt -0.05788392 -0.0980763
vt -0.05660886 -0.09697879
vt -0.05956854 -0.09188846
vt 0.02232658 -0.05644827
vt 0.02726243 -0.05965897
vt 0.02779808 -0.05806417
vt 0.02356736 -0.05531215
vt 0.0622123 0.01406902
vt 0.06675781 0.01187561
vt 0.06708693 0.01352545
vt 0.06329901 0.01535329
vt 0.09041603 0.06923194
vt 0.0941857 0.06736674
vt 0.09464322 0.06898569
vt 0.09142546 0.07057779
vt 0.1190242 0.08246455
vt 0.1219718 0.08041502
vt 0.1228375 0.0818575
vt 0.120075 0.08377837
vt 0.142692 0.01454501
vt 0.1441957 0.011535
vt 0.1457476 0.01218433
vt 0.1441433 0.01539597
vt 0.05917612 -0.09298929
vt 0.05737159 -0.0960929
vt 0.05864664 -0.09719041
vt 0.0607607 -0.09355446
vt -0.02386074 -0.05563247
vt -0.02738635 -0.05792582
vt -0.0268507 -0.05952061
vt -0.02261997 -0.0567686
vt -0.04873987 0.0160413
vt -0.05378457 0.01619503
vt -0.05425457 0.01457967
vt -0.04836909 0.01440032
vt -0.04604367 0.08614713
vt -0.05192886 0.08633614
vt -0.05228968 0.08469294
vt -0.04578903 0.08448416
vt -0.04230494 0.1325759
vt -0.04880179 0.132881
vt -0.0489931 0.1312096
vt -0.04227111 0.1308939
vt -0.02503597 0.1485952
vt -0.0316796 0.1496661
vt -0.03183547 0.147991
vt -0.02541436 0.146956
vt 0.05930856 -0.1137067
vt 0.06578438 -0.1131019
vt 0.06532401 -0.1114837
vt 0.05946131 -0.1120313
vt 0.05120484 -0.06005894
vt 0.05708843 -0.05982567
vt 0.05660365 -0.05821468
vt 0.05156056 -0.05841463
vt 0.04879278 0.01430461
vt 0.05383749 0.01445834
vt 0.05336747 0.0160737
vt 0.04916356 0.01594559
vt 0.04694438 0.08430742
vt 0.05114808 0.08444244
vt 0.05078726 0.08608563
vt 0.04719902 0.08597039
vt 0.04384401 0.1308622
vt 0.04743015 0.1310306
vt 0.04723884 0.1327021
vt 0.04387785 0.1325442
vt 0.02694731 0.1473098
vt 0.03026913 0.1478452
vt 0.03011326 0.1495204
vt 0.02656892 0.148949
vt -0.0606253 -0.1121376
vt -0.06419983 -0.1118037
vt -0.06466021 -0.1134218
vt -0.06047256 -0.1138129
vt -0.05198513 -0.05850644
vt -0.0561877 -0.05833982
vt -0.05667248 -0.0599508
vt -0.0516294 -0.06015075
vt -0.03432596 0.009586742
vt -0.03872995 0.01205202
vt -0.03989261 0.01083607
vt -0.03475463 0.00795992
vt 0.003927733 0.0760906
vt -0.001190108 0.07900245
vt -0.002275621 0.07771716
vt 0.003377439 0.07450079
vt 0.05055039 0.1186972
vt 0.04544657 0.1227287
vt 0.04431768 0.1214814
vt 0.04959837 0.1173102
vt 0.1208828 0.09293321
vt 0.1180657 0.09904458
vt 0.1165885 0.09823954
vt 0.1193112 0.09233286
vt 0.1367501 -0.02736447
vt 0.1395385 -0.02148854
vt 0.1379123 -0.02105761
vt 0.1353879 -0.02637723
vt 0.078774 -0.04678444
vt 0.08345384 -0.04321089
vt 0.08213097 -0.0421715
vt 0.07811968 -0.04523455
vt 0.03517465 0.00807062
vt 0.03957863 0.0105359
vt 0.03841597 0.01175184
vt 0.03474598 0.009697443
vt -0.002273008 0.07488322
vt 0.001382593 0.07696311
vt 0.0002970802 0.0782484
vt -0.002823302 0.07647302
vt -0.04830107 0.1182003
vt -0.04548385 0.1204257
vt -0.04661275 0.121673
vt -0.0492531 0.1195874
vt -0.1187501 0.09380217
vt -0.1173416 0.09685785
vt -0.1188188 0.09766289
vt -0.1203217 0.09440251
vt -0.1360738 -0.02543065
vt -0.137613 -0.02218724
vt -0.1392392 -0.02261817
vt -0.1374361 -0.0264179
vt -0.07851986 -0.04506558
vt -0.08186259 -0.04251304
vt -0.08318546 -0.04355242
vt -0.07917418 -0.04661547
vt -0.02331536 -0.003229652
vt -0.02608757 0.0009878734
vt -0.02767979 0.0004446078
vt -0.02444554 -0.004475841
vt 0.04109056 0.04317295
vt 0.03754187 0.04787167
vt 0.03603649 0.04712057
vt 0.03995629 0.04193047
vt 0.09639833 0.07395284
vt 0.09284966 0.07940345
vt 0.09138148 0.07858203
vt 0.09505311 0.07294255
vt 0.138629 0.06308955
vt 0.1362194 0.06937273
vt 0.1346925 0.06866645
vt 0.1370214 0.06259371
vt 0.1444068 0.01131312
vt 0.1443197 0.01781653
vt 0.1426701 0.01748653
vt 0.1427489 0.01159884
vt 0.09509216 -0.02500651
vt 0.09714342 -0.01948714
vt 0.09547002 -0.01931391
vt 0.09371178 -0.0240448
vt 0.02476728 -0.004184002
vt 0.0275395 3.352133E-05
vt 0.02594728 0.0005767884
vt 0.0236371 -0.002937814
vt -0.03909318 0.04271857
vt -0.0365584 0.0460748
vt -0.03806377 0.04682589
vt -0.04022744 0.04396105
vt -0.09410819 0.07420042
vt -0.09214939 0.07720905
vt -0.09361758 0.07803045
vt -0.0954534 0.07521071
vt -0.1365578 0.06409686
vt -0.135353 0.06723846
vt -0.13688 0.06794474
vt -0.1381655 0.0645927
vt -0.1429474 0.01275076
vt -0.1428993 0.01634053
vt -0.144549 0.01667053
vt -0.1446053 0.01246503
vt -0.09396006 -0.0236884
vt -0.09542526 -0.01974599
vt -0.09709866 -0.01991922
vt -0.09534043 -0.02465011
vt -0.01881534 -0.01965268
vt -0.019288 -0.01462781
vt -0.02094916 -0.01436163
vt -0.02039771 -0.02022397
vt 0.06203744 0.0004985897
vt 0.06026252 0.006112936
vt 0.05859271 0.005907954
vt 0.06055323 -0.0002935372
vt 0.1182808 0.03270961
vt 0.1156204 0.03864465
vt 0.1140426 0.03806089
vt 0.1167951 0.03192018
vt 0.1455576 0.04710624
vt 0.1427208 0.05320846
vt 0.1412462 0.05239865
vt 0.143988 0.04650081
vt 0.1417506 0.03164192
vt 0.1395352 0.03775701
vt 0.1380851 0.03690417
vt 0.1400907 0.03136805
vt 0.09881661 -0.002831757
vt 0.09789731 0.002984262
vt 0.09635402 0.002314514
vt 0.097142 -0.002670645
vt 0.02054515 -0.01981541
vt 0.02101781 -0.01479054
vt 0.01935666 -0.01505672
vt 0.01896277 -0.01924412
vt -0.06000299 0.0007376308
vt -0.0587352 0.004747878
vt -0.06040502 0.00495286
vt -0.06148719 0.001529752
vt -0.1160569 0.03330939
vt -0.1145884 0.03658541
vt -0.1161662 0.03716917
vt -0.1175425 0.03409881
vt -0.1434219 0.0479686
vt -0.1420034 0.05101972
vt -0.1434781 0.05182952
vt -0.1449915 0.04857403
vt -0.1399005 0.0325213
vt -0.1386776 0.03589672
vt -0.1401278 0.03674955
vt -0.1415604 0.03279518
vt -0.09718359 -0.002238255
vt -0.09652694 0.001916046
vt -0.09807023 0.002585792
vt -0.0988582 -0.002399366
vt -0.02307917 -0.03524757
vt -0.02100259 -0.03064753
vt -0.02231419 -0.02959397
vt -0.02473688 -0.03496069
vt 0.06799496 -0.04431824
vt 0.06818994 -0.03843325
vt 0.06654711 -0.03807076
vt 0.06633173 -0.04457119
vt 0.1318511 0.00497746
vt 0.1295326 0.01105419
vt 0.1279242 0.01056113
vt 0.130323 0.00427381
vt 0.1459792 0.04955896
vt 0.1421444 0.05508879
vt 0.1408293 0.05403963
vt 0.1445356 0.04869502
vt 0.1300467 0.05308842
vt 0.1258875 0.05808865
vt 0.1248128 0.05679427
vt 0.1285783 0.05226744
vt 0.0917412 0.01613682
vt 0.08821355 0.02085135
vt 0.08716129 0.0195387
vt 0.09018499 0.01549768
vt 0.02466272 -0.03453272
vt 0.02258614 -0.02993267
vt 0.02127453 -0.03098623
vt 0.02300502 -0.0348196
vt -0.06615598 -0.04341569
vt -0.06629525 -0.03921212
vt -0.06793808 -0.03957462
vt -0.06781919 -0.04316273
vt -0.1296648 0.005702545
vt -0.1283851 0.009056794
vt -0.1299936 0.009549856
vt -0.131193 0.006406196
vt -0.1437277 0.05004505
vt -0.1418103 0.05280996
vt -0.1431254 0.05385911
vt -0.1451713 0.05090899
vt -0.1280079 0.05328766
vt -0.1257121 0.0560477
vt -0.1267867 0.05734208
vt -0.1294764 0.05410863
vt -0.09001996 0.01589948
vt -0.0875002 0.019267
vt -0.08855246 0.02057965
vt -0.09157617 0.01653863
vt -0.03349089 -0.04716703
vt -0.03121271 -0.04568511
vt -0.03150115 -0.04482634
vt -0.03415902 -0.04655524
vt 0.05075807 -0.09199908
vt 0.0523518 -0.08925802
vt 0.05166521 -0.08866703
vt 0.0499048 -0.09169474
vt 0.1434054 0.01106972
vt 0.1418402 0.01420281
vt 0.1410045 0.01385316
vt 0.1426239 0.01061149
vt 0.1256361 0.08566432
vt 0.122661 0.08773302
vt 0.1221948 0.08695626
vt 0.1250703 0.08495684
vt 0.0993989 0.07870807
vt 0.09625984 0.08026125
vt 0.09601347 0.07938947
vt 0.09885533 0.07798334
vt 0.07271184 0.02638524
vt 0.06985621 0.02776321
vt 0.06967898 0.0268748
vt 0.07212666 0.02569369
vt 0.03400109 -0.04638269
vt 0.03172291 -0.04490077
vt 0.03143447 -0.04575955
vt 0.03333295 -0.04699448
vt -0.05011643 -0.09110194
vt -0.05125481 -0.08914404
vt -0.05194141 -0.08973503
vt -0.0509697 -0.09140627
vt -0.1421953 0.01134145
vt -0.1413314 0.01307087
vt -0.1421671 0.01342052
vt -0.1429768 0.01179969
vt -0.1244085 0.08548617
vt -0.1229209 0.08652052
vt -0.1233871 0.08729728
vt -0.1249743 0.08619364
vt -0.09835188 0.07836105
vt -0.09661917 0.07921837
vt -0.09686553 0.08009014
vt -0.09889545 0.07908577
vt -0.07194807 0.02584468
vt -0.06990834 0.02682895
vt -0.07008557 0.02771736
vt -0.07253326 0.02653624
vt -0.05495786 -0.04603091
vt -0.05224224 -0.04613858
vt -0.05198119 -0.04527109
vt -0.05514941 -0.04514547
vt -0.06327076 -0.1040812
vt -0.0601138 -0.104376
vt -0.0598659 -0.1035047
vt -0.06335302 -0.103179
vt 0.03048574 0.1469529
vt 0.02702808 0.1463955
vt 0.02711201 0.1454935
vt 0.03068949 0.1460702
vt 0.04714951 0.1374265
vt 0.04352983 0.1372565
vt 0.04363285 0.1363564
vt 0.04713129 0.1365207
vt 0.05039881 0.09690218
vt 0.04689832 0.09678975
vt 0.04709262 0.09590492
vt 0.05026169 0.0960067
vt 0.05242572 0.03007855
vt 0.04925649 0.02998197
vt 0.04950958 0.02911212
vt 0.05222607 0.02919491
vt 0.05492079 -0.045096
vt 0.05220518 -0.04520366
vt 0.05246623 -0.04607115
vt 0.05472924 -0.04598143
vt 0.06272627 -0.103122
vt 0.0604713 -0.1033326
vt 0.0607192 -0.1042039
vt 0.06264402 -0.1040241
vt -0.02986407 0.1458796
vt -0.02795551 0.145572
vt -0.02787158 0.146474
vt -0.02966032 0.1467623
vt -0.04628439 0.1365377
vt -0.04447455 0.1364527
vt -0.04437153 0.1373527
vt -0.0463026 0.1374434
vt -0.04963955 0.0961021
vt -0.04770735 0.09604003
vt -0.04751305 0.09692487
vt -0.04977667 0.09699757
vt -0.05199791 0.02924636
vt -0.04973418 0.02917738
vt -0.04948108 0.03004722
vt -0.05219757 0.03013
vt -0.07378738 -0.03314719
vt -0.07162737 -0.03479658
vt -0.07091504 -0.0342369
vt -0.07343505 -0.03231259
vt -0.1305051 -0.01903503
vt -0.1291457 -0.02189955
vt -0.12827 -0.02166751
vt -0.1297716 -0.01850342
vt -0.1164778 0.09654702
vt -0.1179439 0.09336638
vt -0.1171484 0.09293288
vt -0.1156315 0.09622375
vt -0.04943063 0.1254655
vt -0.05227419 0.1232193
vt -0.0516663 0.1225476
vt -0.04891798 0.1247185
vt -0.005083475 0.08763704
vt -0.00812755 0.08590508
vt -0.00754302 0.08521298
vt -0.00478715 0.08678095
vt 0.03112326 0.02374084
vt 0.02835655 0.02219208
vt 0.02898262 0.02153732
vt 0.03135409 0.02286482
vt 0.07321957 -0.03240357
vt 0.07105956 -0.03405296
vt 0.0717719 -0.03461265
vt 0.07357191 -0.03323815
vt 0.1294023 -0.01901301
vt 0.1284313 -0.0210591
vt 0.129307 -0.02129114
vt 0.1301358 -0.01954462
vt 0.115934 0.09543207
vt 0.1167433 0.09367641
vt 0.1175388 0.09410991
vt 0.1167803 0.09575534
vt 0.04961614 0.1242391
vt 0.05103792 0.1231161
vt 0.05164582 0.1237878
vt 0.05012879 0.1249861
vt 0.005381944 0.08657515
vt 0.00706222 0.08561914
vt 0.007646749 0.08631124
vt 0.005678269 0.08743124
vt -0.03112794 0.02280514
vt -0.02915171 0.02169888
vt -0.02852564 0.02235364
vt -0.03089711 0.02368115
vt -0.08360596 -0.01613132
vt -0.08265918 -0.01867882
vt -0.08175808 -0.01858554
vt -0.08286266 -0.01561346
vt -0.1351343 0.0160416
vt -0.1351767 0.01287118
vt -0.1342884 0.01269348
vt -0.1342416 0.01619546
vt -0.1344707 0.0669898
vt -0.1357248 0.06371973
vt -0.1349025 0.06333942
vt -0.133605 0.0667228
vt -0.09749527 0.08072716
vt -0.09947239 0.0776904
vt -0.0986818 0.07724809
vt -0.0967709 0.08018314
vt -0.04671263 0.05332143
vt -0.04882338 0.05052665
vt -0.04801276 0.05012219
vt -0.04610185 0.05265237
vt 0.01395773 0.007855919
vt 0.01221614 0.005206342
vt 0.01307352 0.004913803
vt 0.01456631 0.007184867
vt 0.08272891 -0.01580539
vt 0.08178214 -0.01835289
vt 0.08268324 -0.01844617
vt 0.08347221 -0.01632325
vt 0.1341347 0.01557531
vt 0.134165 0.01331072
vt 0.1350533 0.01348842
vt 0.1350275 0.01542145
vt 0.1338548 0.06591306
vt 0.134547 0.06410804
vt 0.1353693 0.06448836
vt 0.1347205 0.06618005
vt 0.09727939 0.07950565
vt 0.09826796 0.07798727
vt 0.09905855 0.07842958
vt 0.09800377 0.08004968
vt 0.04656677 0.0522281
vt 0.04773185 0.05068543
vt 0.04854248 0.05108988
vt 0.04717754 0.05289715
vt -0.01439315 0.007027688
vt -0.01314916 0.005135135
vt -0.01229178 0.005427674
vt -0.01378456 0.007698738
vt -0.08446155 -0.0007287265
vt -0.08488587 -0.003413145
vt -0.08405484 -0.003773791
vt -0.08355981 -0.000641971
vt -0.1314452 0.0330699
vt -0.1325252 0.03008879
vt -0.1317443 0.02962955
vt -0.1305514 0.03292242
vt -0.141142 0.05071213
vt -0.1426184 0.04753625
vt -0.1418244 0.04710018
vt -0.1402968 0.05038611
vt -0.120413 0.03923158
vt -0.1218952 0.03592493
vt -0.1210456 0.03561058
vt -0.119613 0.03880649
vt -0.07072144 0.008184373
vt -0.07177715 0.004844981
vt -0.07087798 0.004734604
vt -0.06992222 0.007757827
vt 0.005361819 -0.01424467
vt 0.005064873 -0.01740144
vt 0.005959376 -0.0172581
vt 0.006213901 -0.0145523
vt 0.08353738 -0.0008748122
vt 0.08396168 -0.003559231
vt 0.08479272 -0.003198583
vt 0.08443913 -0.0009615683
vt 0.1306539 0.03230151
vt 0.1314254 0.03017215
vt 0.1322062 0.03063139
vt 0.1315478 0.03244899
vt 0.1406017 0.04959573
vt 0.1414166 0.04784271
vt 0.1422107 0.04827878
vt 0.1414469 0.04992175
vt 0.1200105 0.03805837
vt 0.1207515 0.03640504
vt 0.1216012 0.03671938
vt 0.1208104 0.03848346
vt 0.0702187 0.007202639
vt 0.07080143 0.005359359
vt 0.07170061 0.00546974
vt 0.07101792 0.007629185
vt -0.006134591 -0.01477231
vt -0.005922486 -0.01702714
vt -0.005027986 -0.01717048
vt -0.005282506 -0.01446468
vt -0.07807194 0.01129787
vt -0.07970016 0.009121852
vt -0.07913354 0.008415014
vt -0.07723396 0.0109537
vt -0.1198746 0.05093466
vt -0.1219022 0.04849704
vt -0.1213235 0.04780003
vt -0.1190838 0.05049258
vt -0.1410174 0.05235823
vt -0.1430132 0.04948024
vt -0.142305 0.04891529
vt -0.1402401 0.05189301
vt -0.1343503 0.01136364
vt -0.1356421 0.00797802
vt -0.1347759 0.007712517
vt -0.1335275 0.01098474
vt -0.07873683 -0.0399644
vt -0.07862084 -0.04346477
vt -0.07773621 -0.04326958
vt -0.07784121 -0.04010061
vt 0.008720381 -0.03720828
vt 0.01002496 -0.04009817
vt 0.01073124 -0.03953085
vt 0.009613028 -0.0370538
vt 0.0773228 0.01073733
vt 0.07895101 0.008561304
vt 0.07951763 0.009268144
vt 0.07816079 0.0110815
vt 0.119391 0.04994326
vt 0.1208393 0.0482021
vt 0.121418 0.04889911
vt 0.1201817 0.05038534
vt 0.1406751 0.05116621
vt 0.1417767 0.04957762
vt 0.1424849 0.05014257
vt 0.1414524 0.05163143
vt 0.1338816 0.01021499
vt 0.1345275 0.008522185
vt 0.1353936 0.008787691
vt 0.1347045 0.01059389
vt 0.07793594 -0.0407228
vt 0.07787193 -0.04265494
vt 0.07875656 -0.04285014
vt 0.07883157 -0.04058659
vt -0.00965303 -0.03728426
vt -0.01058487 -0.03934846
vt -0.009878594 -0.03991578
vt -0.008760387 -0.03743874
vt -0.06583802 0.01891498
vt -0.0682857 0.01773387
vt -0.06810847 0.01684546
vt -0.06525285 0.01822343
vt -0.09333456 0.07397519
vt -0.09617643 0.07256906
vt -0.09593005 0.07169729
vt -0.092791 0.07325046
vt -0.1212923 0.08565842
vt -0.1241678 0.083659
vt -0.1237016 0.08288224
vt -0.1207265 0.08495095
vt -0.1440358 0.01536753
vt -0.1456552 0.01212586
vt -0.1448195 0.01177621
vt -0.1432543 0.0149093
vt -0.05842735 -0.09259875
vt -0.05666695 -0.09562647
vt -0.05598035 -0.09503548
vt -0.05757407 -0.09229442
vt 0.02572543 -0.05370544
vt 0.0283833 -0.05543435
vt 0.02867174 -0.05457557
vt 0.02639357 -0.05309366
vt 0.06543141 0.01807234
vt 0.06787909 0.01689122
vt 0.06805632 0.01777964
vt 0.06601659 0.0187639
vt 0.09329451 0.07287286
vt 0.09532441 0.07186849
vt 0.09557077 0.07274026
vt 0.09383807 0.07359758
vt 0.1213879 0.08442198
vt 0.1229751 0.08331835
vt 0.1234413 0.08409511
vt 0.1219537 0.08512945
vt 0.1436828 0.01417772
vt 0.1444925 0.01255688
vt 0.1453282 0.01290653
vt 0.1444643 0.01463595
vt 0.05736279 -0.09288722
vt 0.05639108 -0.09455846
vt 0.05707768 -0.09514946
vt 0.05821606 -0.09319156
vt -0.02655159 -0.05326609
vt -0.02845007 -0.05450102
vt -0.02816163 -0.05535979
vt -0.02588345 -0.05387787
vt -0.04977878 0.02027814
vt -0.05249527 0.02036092
vt -0.05274836 0.01949108
vt -0.04957913 0.0193945
vt -0.04728649 0.08986717
vt -0.05045556 0.08996895
vt -0.05064985 0.08908411
vt -0.04714937 0.08897169
vt -0.04370691 0.1347775
vt -0.04720534 0.1349417
vt -0.04730836 0.1340417
vt -0.04368869 0.1338717
vt -0.02657265 0.1488389
vt -0.03015013 0.1494156
vt -0.03023407 0.1485135
vt -0.02677641 0.1479562
vt 0.06059345 -0.1112928
vt 0.06408056 -0.1109671
vt 0.06383266 -0.1100957
vt 0.0606757 -0.1103906
vt 0.05240086 -0.05585513
vt 0.05556907 -0.05572951
vt 0.05530802 -0.05486202
vt 0.05259241 -0.05496969
vt 0.04980728 0.01934297
vt 0.05252377 0.01942575
vt 0.05227067 0.0202956
vt 0.05000694 0.02022661
vt 0.04777152 0.0888766
vt 0.05003514 0.0889493
vt 0.04984085 0.08983413
vt 0.04790864 0.08977208
vt 0.04453574 0.1338546
vt 0.04646681 0.1339453
vt 0.04636379 0.1348453
vt 0.04455396 0.1347603
vt 0.02760183 0.1481467
vt 0.02939056 0.148435
vt 0.02930663 0.1493371
vt 0.02739807 0.1490294
vt -0.06130242 -0.1104479
vt -0.06322724 -0.1102681
vt -0.06347514 -0.1111395
vt -0.06122016 -0.1113501
vt -0.05282101 -0.05501907
vt -0.05508402 -0.05492935
vt -0.05534508 -0.05579683
vt -0.05262946 -0.0559045
vt -0.03329966 0.01382534
vt -0.03567113 0.01515285
vt -0.03629721 0.01449808
vt -0.03353048 0.01294933
vt 0.004555707 0.07996251
vt 0.001799834 0.08153048
vt 0.001215307 0.08083838
vt 0.004259381 0.07910644
vt 0.05068643 0.1213072
vt 0.04793811 0.1234781
vt 0.04733022 0.1228064
vt 0.05017378 0.1205603
vt 0.1202257 0.09435139
vt 0.1187088 0.09764225
vt 0.1179133 0.09720875
vt 0.1193795 0.09402811
vt 0.1353367 -0.02502115
vt 0.1368382 -0.02185707
vt 0.1359625 -0.02162502
vt 0.1346032 -0.02448954
vt 0.07734352 -0.04265548
vt 0.07986353 -0.04073118
vt 0.07915119 -0.0401715
vt 0.07699119 -0.04182089
vt 0.03375665 0.01300894
vt 0.03612812 0.01433644
vt 0.03550205 0.01499121
vt 0.03352582 0.01388495
vt -0.003664637 0.07931237
vt -0.00169616 0.08043235
vt -0.002280687 0.08112445
vt -0.003960962 0.08016844
vt -0.04947507 0.1210397
vt -0.04795805 0.1222379
vt -0.04856594 0.1229096
vt -0.04998773 0.1217866
vt -0.1190775 0.09481917
vt -0.118319 0.09646459
vt -0.1191144 0.09689809
vt -0.1199237 0.09514242
vt -0.1349726 -0.02397976
vt -0.1358014 -0.02223325
vt -0.1366771 -0.02246529
vt -0.1357061 -0.02451138
vt -0.07720663 -0.04172987
vt -0.07900663 -0.04035537
vt -0.07971897 -0.04091506
vt -0.07755896 -0.04256446
vt -0.02045901 5.925813E-05
vt -0.0219518 0.002330322
vt -0.02280918 0.00203778
vt -0.0210676 -0.0006117948
vt 0.04319232 0.04648158
vt 0.04128141 0.04901176
vt 0.04047079 0.04860731
vt 0.04258154 0.04581254
vt 0.097357 0.07638559
vt 0.09544611 0.07932065
vt 0.09465552 0.07887834
vt 0.09663263 0.07584158
vt 0.1380664 0.06455275
vt 0.1367688 0.06793614
vt 0.1359466 0.06755582
vt 0.1372007 0.06428576
vt 0.1421098 0.01279818
vt 0.1420629 0.01630016
vt 0.1411746 0.01612246
vt 0.1412171 0.01295204
vt 0.0916869 -0.0222756
vt 0.09279147 -0.01930352
vt 0.09189038 -0.01921024
vt 0.09094359 -0.02175773
vt 0.02124085 -0.0004546365
vt 0.02273364 0.001816425
vt 0.02187625 0.002108967
vt 0.02063226 0.0002164143
vt -0.04211679 0.0462369
vt -0.04075185 0.04804417
vt -0.04156247 0.04844862
vt -0.04272756 0.04690595
vt -0.09612374 0.07651886
vt -0.09506896 0.07813896
vt -0.09585956 0.07858127
vt -0.09684812 0.07706289
vt -0.1369512 0.06509509
vt -0.1363024 0.06678678
vt -0.1371246 0.0671671
vt -0.1378168 0.06536208
vt -0.141324 0.01357237
vt -0.1412981 0.01550539
vt -0.1421864 0.01568309
vt -0.1422167 0.01341851
vt -0.09107723 -0.02156583
vt -0.09186621 -0.01944291
vt -0.09276731 -0.01953619
vt -0.09182054 -0.02208369
vt -0.01475863 -0.0180858
vt -0.01501316 -0.01538
vt -0.01590766 -0.01523666
vt -0.01561072 -0.01839344
vt 0.06511819 0.002913728
vt 0.06416244 0.005936959
vt 0.06326327 0.005826579
vt 0.06431898 0.002487183
vt 0.1196031 0.03496399
vt 0.1181705 0.03815991
vt 0.1173209 0.03784556
vt 0.1188031 0.0345389
vt 0.1448971 0.04852865
vt 0.1433695 0.05181459
vt 0.1425754 0.05137853
vt 0.1440519 0.04820264
vt 0.1390987 0.03229387
vt 0.1379057 0.03558674
vt 0.1371249 0.03512751
vt 0.1382049 0.0321464
vt 0.09451726 -0.002120074
vt 0.09402224 0.001011752
vt 0.09319121 0.0006511051
vt 0.09361552 -0.002033318
vt 0.01569009 -0.01817342
vt 0.01594461 -0.01546762
vt 0.01505011 -0.01561096
vt 0.01483801 -0.01786579
vt -0.06402274 0.003042465
vt -0.06334005 0.005201912
vt -0.06423923 0.005312293
vt -0.06482196 0.003469008
vt -0.1184056 0.03528693
vt -0.1176148 0.03705102
vt -0.1184644 0.03736536
vt -0.1192055 0.03571203
vt -0.143747 0.04899301
vt -0.1429832 0.05063598
vt -0.1437773 0.05107205
vt -0.1445923 0.04931903
vt -0.1381025 0.03276747
vt -0.137444 0.03458507
vt -0.1382249 0.03504431
vt -0.1389963 0.03291495
vt -0.09363788 -0.001800505
vt -0.09328429 0.0004365133
vt -0.09411532 0.0007971606
vt -0.09453963 -0.001887261
vt -0.0187866 -0.03589445
vt -0.01766839 -0.03341741
vt -0.01837467 -0.03285008
vt -0.01967924 -0.03573997
vt 0.07169876 -0.04306953
vt 0.07180376 -0.03990056
vt 0.07091911 -0.03970537
vt 0.07080314 -0.04320574
vt 0.133299 0.007149056
vt 0.1320506 0.01042127
vt 0.1311844 0.01015577
vt 0.1324762 0.006770152
vt 0.1450895 0.05084626
vt 0.1430246 0.05382399
vt 0.1423164 0.05325903
vt 0.1443122 0.05038105
vt 0.1273371 0.05280224
vt 0.1250974 0.05549479
vt 0.1245187 0.05479778
vt 0.1265464 0.05236016
vt 0.08761451 0.01476093
vt 0.08571492 0.01729962
vt 0.0851483 0.01659278
vt 0.08677651 0.01441676
vt 0.01963932 -0.03550951
vt 0.01852111 -0.03303247
vt 0.01781483 -0.03359979
vt 0.01874667 -0.03566399
vt -0.07070851 -0.04258349
vt -0.07078351 -0.04031994
vt -0.07166815 -0.04051514
vt -0.07160414 -0.04244728
vt -0.1321217 0.007539382
vt -0.1314326 0.009345582
vt -0.1322987 0.009611088
vt -0.1329446 0.007918283
vt -0.1438771 0.05110805
vt -0.1428447 0.0525969
vt -0.1435528 0.05316186
vt -0.1446545 0.05157327
vt -0.1262393 0.05290953
vt -0.125003 0.05439576
vt -0.1255817 0.05509276
vt -0.12703 0.0533516
vt -0.08668759 0.01463308
vt -0.08533075 0.01644643
vt -0.08589737 0.01715327
vt -0.08752558 0.01497725
vt -0.1198731 0.08063843
vt -0.1208735 0.07882556
vt -0.1147446 0.07544366
vt -0.1137443 0.07725654
vt -0.1361755 0.04899608
vt -0.1370782 0.04713266
vt -0.1307785 0.0440809
vt -0.1298758 0.04594432
vt -0.1443557 0.0371896
vt -0.1453771 0.03538854
vt -0.1392882 0.03193526
vt -0.1382668 0.03373631
vt -0.138027 0.065874
vt -0.1394987 0.0644175
vt -0.1345747 0.05944217
vt -0.133103 0.06089867
vt -0.0434116 0.1462146
vt -0.04547967 0.1463159
vt -0.04582242 0.1393243
vt -0.04375435 0.1392229
vt 0.08119865 0.1239965
vt 0.0797881 0.1255123
vt 0.07466368 0.1207436
vt 0.07607422 0.1192278
vt 0.1208734 0.07882568
vt 0.119873 0.08063855
vt 0.1137442 0.07725665
vt 0.1147445 0.07544377
vt 0.1370782 0.04713263
vt 0.1361755 0.04899606
vt 0.1298758 0.0459443
vt 0.1307785 0.04408088
vt 0.1453772 0.03538854
vt 0.1443557 0.0371896
vt 0.1382668 0.03373631
vt 0.1392882 0.03193526
vt 0.1394987 0.06441749
vt 0.138027 0.06587398
vt 0.133103 0.06089867
vt 0.1345747 0.05944217
vt 0.04547979 0.1463159
vt 0.04341171 0.1462145
vt 0.04375446 0.1392229
vt 0.04582253 0.1393243
vt -0.07978788 0.1255124
vt -0.08119842 0.1239967
vt -0.076074 0.119228
vt -0.07466345 0.1207438
vt -0.05079998 -0.01124194
vt -0.05286995 -0.01119279
vt -0.05468718 -0.0121852
vt -0.05576473 -0.01395327
vt -0.05581389 -0.01602324
vt -0.05482147 -0.01784046
vt -0.05305341 -0.01891802
vt -0.05098344 -0.01896718
vt -0.04916621 -0.01797476
vt -0.04808865 -0.0162067
vt -0.0480395 -0.01413673
vt -0.04903191 -0.0123195
vt 0.04903191 -0.0123195
vt 0.0480395 -0.01413673
vt 0.04808866 -0.0162067
vt 0.04916621 -0.01797477
vt 0.05098344 -0.01896718
vt 0.05305341 -0.01891802
vt 0.05482148 -0.01784046
vt 0.05581389 -0.01602324
vt 0.05576473 -0.01395327
vt 0.05468718 -0.0121852
vt 0.05286995 -0.01119279
vt 0.05079998 -0.01124195
vt -0.04891794 -0.05954481
vt -0.04382793 -0.05497723
vt -0.04572881 -0.05340128
vt -0.161953 0.004283499
vt -0.1652028 -0.001408684
vt -0.1611907 -0.00371408
vt -0.1579409 0.001978103
vt -0.1688569 -0.008799657
vt -0.1743596 -0.01845906
vt -0.1703343 -0.0207415
vt -0.1648316 -0.0110821
vt -0.1486658 0.066258
vt -0.1545396 0.06179677
vt -0.1517462 0.05810771
vt -0.1458725 0.06256893
vt -0.01284499 0.1487747
vt -0.02087926 0.1505344
vt -0.02187177 0.1460148
vt -0.01383749 0.144255
vt 0.1235527 0.07269723
vt 0.1186507 0.07930151
vt 0.1149325 0.07654709
vt 0.1198345 0.06994282
vt 0.1590193 0.00182539
vt 0.1552812 0.009151546
vt 0.1511574 0.007052484
vt 0.1548955 -0.0002736733
vt 0.1697529 -0.01814974
vt 0.1660363 -0.01097051
vt 0.1619241 -0.01309213
vt 0.1656407 -0.02027135
vt 0.171399 0.01865773
vt 0.1654278 0.02564173
vt 0.1619069 0.02263928
vt 0.1678781 0.01565528
vt 0.1594065 0.04559994
vt 0.1547347 0.05000047
vt 0.1515611 0.04663297
vt 0.1562329 0.04223244
vt -0.06120967 -0.06536465
vt -0.06866361 -0.07073775
vt -0.07074989 -0.07854812
vt -0.06907697 -0.08660091
vt -0.06299024 -0.09213246
vt -0.05481462 -0.09302989
vt -0.04798513 -0.090244
vt -0.04268712 -0.08047083
vt -0.04122115 -0.07281006
vt -0.03796129 -0.0671237
vt -0.05127045 -0.05745147
vt -0.05554476 -0.06234815
vt 0.05127368 -0.05744436
vt 0.03796454 -0.0671166
vt 0.04122441 -0.07280295
vt 0.04269037 -0.08046372
vt 0.04798839 -0.09023689
vt 0.05481787 -0.09302277
vt 0.0629935 -0.09212535
vt 0.06908023 -0.0865938
vt 0.07075313 -0.078541
vt 0.06866686 -0.07073063
vt 0.06121292 -0.06535754
vt 0.05554801 -0.06234103
vt 0.1648697 0.00910072
vt 0.1612666 0.01451049
vt 0.1574078 0.01195682
vt 0.1610108 0.006547048
vt -0.1628876 -0.006001515
vt -0.1664243 -0.01295335
vt -0.1622979 -0.01504741
vt -0.1587612 -0.008095572
vt -0.1610111 0.01296162
vt -0.1571152 0.01046488
vt -0.1536853 0.01576992
vt -0.1575812 0.01826667
vt 0.03943849 -0.06656617
vt 0.03681213 -0.06053165
vt 0.03544795 -0.0616689
vt 0.1567298 0.002717752
vt 0.1607607 0.004990053
vt 0.1573282 0.01100098
vt 0.1532972 0.008728684
vt -0.1426506 0.03339302
vt -0.1466215 0.02578419
vt -0.142636 0.02345924
vt -0.1394203 0.03173998
vt -0.0386119 0.139796
vt -0.04517714 0.1365994
vt -0.04314091 0.1324442
vt -0.03657567 0.1356408
vt 0.05070543 -0.056984
vt 0.04550446 -0.052702
vt 0.04187424 -0.05881435
vt 0.03754718 -0.06726509
vt 0.05086815 -0.05760906
vt 0.04203786 -0.05944372
vt -0.05187417 -0.05862772
vt -0.03858233 -0.06832382
vt -0.0433571 -0.05994917
vt -0.03659557 -0.06695195
vt -0.03401875 -0.06089622
vt -0.041107 -0.05914252
vt -0.04128269 -0.05862499
vt -0.04141806 -0.05860477
vt 0.1257673 0.086306
vt 0.1185418 0.09127285
vt 0.1159082 0.08746806
vt 0.1231337 0.08250121
vt -0.1329454 0.0525968
vt -0.1363975 0.04668987
vt -0.1367034 0.04624939
vt -0.1327157 0.04390348
vt -0.1291107 0.05003067
vt -0.03947321 -0.06656144
vt -0.03548269 -0.06166414
vt -0.03684688 -0.0605269
vt 0.04804707 -0.06001688
vt 0.04487562 -0.0538642
vt 0.04288071 -0.05569322
vt 0.03775917 -0.06733947
vt 0.042245 -0.05951531
vt 0.03516241 -0.06129214
vt -0.0515136 -0.05674514
vt -0.04299515 -0.05805758
vt -0.04285987 -0.05807842
vt -0.04638891 -0.05221651
vt -0.1418763 0.051428
vt -0.1363037 0.05719838
vt -0.1396386 0.0604062
vt -0.1452113 0.05463583
vt 0.151088 0.01568099
vt 0.1479788 0.02180215
vt 0.1447422 0.02016112
vt 0.1469471 0.01361584
vt -0.04305144 -0.05429363
vt -0.04466011 -0.04586294
vt -0.04495598 -0.05272213
vt -0.0349979 -0.06123307
vt -0.02812627 -0.05709397
vt -0.03636366 -0.06009772
vt 0.0235417 -0.03400804
vt 0.02359093 -0.02710148
vt 0.02144737 -0.03572232
vt 0.03634094 -0.0601172
vt 0.02810354 -0.05711346
vt 0.03497518 -0.06125255
vt -0.03687197 -0.05495119
vt -0.04138866 -0.05269904
vt -0.04249193 -0.05396912
vt -0.03722246 -0.05659663
vt 0.004352861 0.02678605
vt -0.0009167651 0.02941325
vt -0.00193026 0.02807045
vt 0.003890454 0.0251685
vt 0.05416599 0.09382052
vt 0.04878033 0.09746698
vt 0.04774592 0.09614021
vt 0.05331822 0.0923674
vt 0.1360007 0.08796076
vt 0.1326165 0.09377731
vt 0.1312223 0.09283576
vt 0.1344931 0.08721403
vt 0.1613064 -0.06823599
vt 0.1641028 -0.06236386
vt 0.1624772 -0.06193071
vt 0.1599455 -0.06724689
vt 0.08732294 -0.1113832
vt 0.0921561 -0.1080199
vt 0.09088045 -0.1069231
vt 0.08673774 -0.1098059
vt 0.03764732 -0.05650613
vt 0.04216401 -0.05425397
vt 0.04106074 -0.05298389
vt 0.03729684 -0.05486069
vt -0.00276676 0.02548994
vt 0.0009972537 0.02736652
vt -1.623876E-05 0.02870931
vt -0.003229167 0.02710749
vt -0.0519591 0.09315985
vt -0.04898632 0.09517263
vt -0.05002072 0.0964994
vt -0.05280687 0.09461298
vt -0.1337955 0.0886232
vt -0.1321034 0.09153148
vt -0.1334976 0.09247302
vt -0.135303 0.08936992
vt -0.1606328 -0.06630115
vt -0.1621764 -0.06305984
vt -0.163802 -0.06349298
vt -0.1619937 -0.06729025
vt -0.08714493 -0.1096548
vt -0.0905972 -0.1072525
vt -0.09187285 -0.1083493
vt -0.08773012 -0.1112321
vt -0.02207868 -0.06835932
vt -0.02506788 -0.0642927
vt -0.02662948 -0.06491858
vt -0.02314208 -0.06966296
vt 0.05124788 -0.01216065
vt 0.04743903 -0.007670241
vt 0.04597856 -0.008505303
vt 0.05018575 -0.01346531
vt 0.1139305 0.03064204
vt 0.110081 0.03588454
vt 0.1086613 0.03498191
vt 0.1126442 0.02955773
vt 0.1636738 0.02462715
vt 0.1609841 0.03079565
vt 0.1594905 0.03002144
vt 0.1620901 0.02405955
vt 0.1705424 -0.03911445
vt 0.1704041 -0.03261191
vt 0.1687571 -0.03295491
vt 0.1688823 -0.03884179
vt 0.1076956 -0.09024415
vt 0.1099382 -0.08479974
vt 0.1082719 -0.08456822
vt 0.1063496 -0.08923485
vt 0.02347866 -0.0693884
vt 0.02646786 -0.06532179
vt 0.02490627 -0.06469591
vt 0.02241527 -0.06808475
vt -0.04927952 -0.01272723
vt -0.04655891 -0.009519795
vt -0.04801938 -0.008684735
vt -0.05034166 -0.01142257
vt -0.1116301 0.03076052
vt -0.1095052 0.03365428
vt -0.1109249 0.03455692
vt -0.1129164 0.03184483
vt -0.1615594 0.02554039
vt -0.1602146 0.02862464
vt -0.1617082 0.02939885
vt -0.1631431 0.02610799
vt -0.1690718 -0.03768827
vt -0.1689955 -0.03409899
vt -0.1706425 -0.033756
vt -0.1707319 -0.03796092
vt -0.1066102 -0.08888733
vt -0.1082121 -0.08499847
vt -0.1098784 -0.08523
vt -0.1079561 -0.08989663
vt -0.01499743 -0.08511461
vt -0.015754 -0.0801246
vt -0.01742756 -0.07995294
vt -0.0165449 -0.08577463
vt 0.07925003 -0.05781298
vt 0.07714488 -0.05231394
vt 0.07549018 -0.05261772
vt 0.07781549 -0.05869184
vt 0.1425542 -0.02045571
vt 0.1396168 -0.01465283
vt 0.1380682 -0.01531038
vt 0.1411075 -0.02131436
vt 0.1728617 -0.006140762
vt 0.1698544 -0.000120766
vt 0.1684031 -0.0009717449
vt 0.1713098 -0.006790102
vt 0.1669203 -0.02712018
vt 0.1646933 -0.0210093
vt 0.1632448 -0.02186487
vt 0.1652609 -0.02739719
vt 0.1127477 -0.06876069
vt 0.1120111 -0.06291872
vt 0.1104476 -0.06353979
vt 0.111079 -0.06854718
vt 0.01671527 -0.08537509
vt 0.01747184 -0.08038507
vt 0.01579827 -0.08055672
vt 0.0151678 -0.08471506
vt -0.07720505 -0.05769512
vt -0.07570136 -0.05376724
vt -0.07735606 -0.05346347
vt -0.07863958 -0.05681627
vt -0.1403044 -0.01996162
vt -0.1386829 -0.01675853
vt -0.1402315 -0.01610097
vt -0.1417511 -0.01910297
vt -0.1707026 -0.005338829
vt -0.1691989 -0.002328828
vt -0.1706502 -0.001477853
vt -0.1722546 -0.004689485
vt -0.1650685 -0.02624427
vt -0.1638393 -0.02287118
vt -0.1652878 -0.0220156
vt -0.1667279 -0.02596726
vt -0.1111341 -0.06811632
vt -0.1106079 -0.06394349
vt -0.1121714 -0.06332242
vt -0.1128028 -0.06832983
vt -0.01871369 -0.1004444
vt -0.0169195 -0.09572706
vt -0.01829251 -0.09475487
vt -0.02038573 -0.1002585
vt 0.09025484 -0.09749521
vt 0.09002416 -0.09161151
vt 0.08835942 -0.09136866
vt 0.08861424 -0.09786767
vt 0.1595081 -0.04092471
vt 0.1569087 -0.03496275
vt 0.155325 -0.03553032
vt 0.1580145 -0.04169888
vt 0.1728361 -0.0008709477
vt 0.1689166 0.004599128
vt 0.1676178 0.003529828
vt 0.171406 -0.001757038
vt 0.1527559 -0.005955047
vt 0.1486406 -0.0009185151
vt 0.1475547 -0.002203426
vt 0.1512803 -0.006763109
vt 0.1049177 -0.0498579
vt 0.1015456 -0.04503084
vt 0.1004511 -0.04630848
vt 0.1033414 -0.05044596
vt 0.02033771 -0.09982675
vt 0.01854352 -0.09510938
vt 0.01717051 -0.09608157
vt 0.01866567 -0.1000127
vt -0.08835564 -0.0967278
vt -0.08819085 -0.09252515
vt -0.08985558 -0.09276801
vt -0.08999623 -0.09635533
vt -0.1572904 -0.04030242
vt -0.1558556 -0.03701152
vt -0.1574393 -0.03644396
vt -0.158784 -0.03952824
vt -0.1705774 -0.0004196567
vt -0.1686176 0.00231538
vt -0.1699164 0.003384675
vt -0.1720075 0.0004664272
vt -0.150719 -0.005737923
vt -0.1484474 -0.002957855
vt -0.1495334 -0.001672936
vt -0.1521946 -0.004929853
vt -0.1031896 -0.05003902
vt -0.100781 -0.04659112
vt -0.1018755 -0.04531348
vt -0.1047658 -0.04945096
vt -0.03476664 -0.1090536
vt -0.03071357 -0.106046
vt -0.03134649 -0.1044873
vt -0.03607507 -0.1079961
vt 0.07391896 -0.1341358
vt 0.07627622 -0.12874
vt 0.07488386 -0.1277957
vt 0.07228008 -0.1337558
vt 0.1701075 -0.01178106
vt 0.1669201 -0.006111617
vt 0.1654017 -0.006835986
vt 0.1686995 -0.01270191
vt 0.1502269 0.04934341
vt 0.1447454 0.05324699
vt 0.1438635 0.05181432
vt 0.1491614 0.04804149
vt 0.1198745 0.02664258
vt 0.1141204 0.0296745
vt 0.1136218 0.02806773
vt 0.1188311 0.02532288
vt 0.08661719 -0.0358435
vt 0.08141223 -0.03309043
vt 0.0810224 -0.03472698
vt 0.0854838 -0.03708676
vt 0.03580204 -0.1076582
vt 0.03174897 -0.1046507
vt 0.03111604 -0.1062094
vt 0.03449361 -0.1087157
vt -0.07254453 -0.132617
vt -0.07422829 -0.1287629
vt -0.07562064 -0.1297072
vt -0.07418341 -0.132997
vt -0.1678384 -0.01138532
vt -0.166079 -0.008255902
vt -0.1675974 -0.007531528
vt -0.1692464 -0.01046448
vt -0.1479439 0.04903786
vt -0.1452031 0.05098965
vt -0.146085 0.05242231
vt -0.1490094 0.05033978
vt -0.1179142 0.02604785
vt -0.1147381 0.02772141
vt -0.1152367 0.02932818
vt -0.1189577 0.02736757
vt -0.08516277 -0.03679417
vt -0.08144493 -0.03482769
vt -0.08183476 -0.03319113
vt -0.08629616 -0.03555091
vt -0.05935717 -0.106275
vt -0.05431078 -0.106194
vt -0.0539164 -0.1045585
vt -0.05980386 -0.1046531
vt -0.0552777 -0.1515644
vt -0.04939448 -0.1513218
vt -0.049155 -0.1496566
vt -0.05565348 -0.1499246
vt 0.06969304 0.1490564
vt 0.06319797 0.1493973
vt 0.06299745 0.147727
vt 0.06971759 0.1473742
vt 0.06394974 0.1162329
vt 0.05722138 0.1163511
vt 0.05730456 0.1146709
vt 0.06380756 0.1145565
vt 0.06242093 0.05096044
vt 0.05591743 0.05104107
vt 0.05620479 0.04938344
vt 0.06209256 0.04931045
vt 0.06111611 -0.03037154
vt 0.05522832 -0.03030081
vt 0.05562931 -0.03193467
vt 0.06067599 -0.0319953
vt 0.05938509 -0.1045377
vt 0.0543387 -0.1044567
vt 0.05473308 -0.1060922
vt 0.0589384 -0.1061597
vt 0.05451422 -0.1496636
vt 0.05031193 -0.1494902
vt 0.0505514 -0.1511555
vt 0.05413844 -0.1513034
vt -0.06814484 0.1473512
vt -0.06455968 0.1475394
vt -0.06476022 0.1492098
vt -0.06812029 0.1490334
vt -0.06224007 0.1146893
vt -0.05887589 0.1147484
vt -0.05879272 0.1164287
vt -0.06238225 0.1163656
vt -0.0609462 0.04953872
vt -0.05735639 0.04958322
vt -0.05706901 0.05124085
vt -0.06127457 0.05118871
vt -0.06025671 -0.03188172
vt -0.05605114 -0.0318312
vt -0.05565014 -0.03019734
vt -0.06069683 -0.03025797
vt -0.08150562 -0.09345107
vt -0.0773629 -0.09633387
vt -0.07608725 -0.09523705
vt -0.08092043 -0.09187377
vt -0.1523488 -0.05710712
vt -0.1498172 -0.06242331
vt -0.1481915 -0.06199016
vt -0.150988 -0.05611803
vt -0.1286851 0.09135937
vt -0.1319559 0.08573763
vt -0.1305617 0.08479609
vt -0.1271776 0.09061264
vt -0.05127391 0.1013509
vt -0.05684622 0.09757803
vt -0.0558118 0.09625127
vt -0.05042614 0.09989773
vt -0.004551028 0.04107055
vt -0.01037174 0.0381686
vt -0.009358248 0.0368258
vt -0.004088623 0.039453
vt 0.03371422 -0.03636543
vt 0.02844475 -0.03899294
vt 0.02954802 -0.04026302
vt 0.03406471 -0.03801086
vt 0.08051317 -0.09202489
vt 0.07637046 -0.09490769
vt 0.07764611 -0.09600452
vt 0.08109836 -0.09360217
vt 0.1503009 -0.05706333
vt 0.1484926 -0.0608606
vt 0.1501182 -0.06129374
vt 0.1516618 -0.05805243
vt 0.1278761 0.08920259
vt 0.1296816 0.08609949
vt 0.1310758 0.08704103
vt 0.1293837 0.08994931
vt 0.05178481 0.09910483
vt 0.05457096 0.09721841
vt 0.05560537 0.09854518
vt 0.05263258 0.100558
vt 0.005212477 0.0391319
vt 0.008425405 0.03753008
vt 0.009438904 0.03887288
vt 0.005674888 0.04074945
vt -0.03363989 -0.03810141
vt -0.02987598 -0.03997821
vt -0.02877271 -0.03870813
vt -0.0332894 -0.03645597
vt -0.09309606 -0.078317
vt -0.09117378 -0.08298364
vt -0.08950745 -0.08275212
vt -0.0917501 -0.07730771
vt -0.1575413 -0.03319342
vt -0.1576665 -0.03908031
vt -0.1560195 -0.0394233
vt -0.1558813 -0.03292077
vt -0.1567997 0.02884803
vt -0.1593993 0.02288613
vt -0.1579056 0.02211192
vt -0.155216 0.02828042
vt -0.1137335 0.03870625
vt -0.1177164 0.03328208
vt -0.1162967 0.03237944
vt -0.1124472 0.03762195
vt -0.05705632 0.0008910174
vt -0.06126349 -0.004068997
vt -0.05980303 -0.004904054
vt -0.05599418 -0.0004136464
vt 0.01077992 -0.05326824
vt 0.007292517 -0.05801262
vt 0.008854111 -0.0586385
vt 0.01184331 -0.05457189
vt 0.09148953 -0.07765522
vt 0.08956725 -0.08232186
vt 0.0912336 -0.08255339
vt 0.09283549 -0.07866453
vt 0.1556919 -0.03407392
vt 0.1557814 -0.03827884
vt 0.1574284 -0.03793585
vt 0.157352 -0.03434657
vt 0.1557468 0.02679945
vt 0.1571817 0.02350859
vt 0.1586753 0.02428281
vt 0.1573305 0.02736705
vt 0.1134611 0.0364191
vt 0.1154525 0.03370702
vt 0.1168722 0.03460966
vt 0.1147474 0.03750343
vt 0.05690077 -0.001151401
vt 0.05922305 -0.003889237
vt 0.06068352 -0.003054176
vt 0.05796291 0.0001532574
vt -0.01150675 -0.05484649
vt -0.00901575 -0.05823534
vt -0.007454158 -0.05760946
vt -0.01044335 -0.05354284
vt -0.09416361 -0.06559305
vt -0.094795 -0.07060045
vt -0.09323148 -0.07122152
vt -0.09249487 -0.06537955
vt -0.1527046 -0.02570592
vt -0.1547207 -0.03123824
vt -0.1532721 -0.03209382
vt -0.1510452 -0.02598294
vt -0.165777 -0.002283646
vt -0.1686836 -0.008102006
vt -0.1672324 -0.008952983
vt -0.164225 -0.002932987
vt -0.1436826 -0.01246836
vt -0.1467219 -0.01847234
vt -0.1451733 -0.01912989
vt -0.1422359 -0.01332701
vt -0.08905618 -0.04742435
vt -0.0913815 -0.05349847
vt -0.0897268 -0.05380224
vt -0.08762164 -0.0483032
vt -0.002020929 -0.07700424
vt -0.002903593 -0.08282591
vt -0.001230026 -0.08265427
vt -0.0004734558 -0.07766425
vt 0.09243977 -0.0658104
vt 0.09307116 -0.0708178
vt 0.09463467 -0.07019673
vt 0.09410851 -0.0660239
vt 0.1512377 -0.02713571
vt 0.1526778 -0.03108736
vt 0.1541263 -0.03023179
vt 0.1528971 -0.0268587
vt 0.1648322 -0.004384296
vt 0.1664366 -0.007595927
vt 0.1678879 -0.006744952
vt 0.1663842 -0.003734951
vt 0.1430387 -0.01467995
vt 0.1445583 -0.01768194
vt 0.1461068 -0.01702439
vt 0.1444854 -0.0138213
vt 0.08823237 -0.0492998
vt 0.0895159 -0.0526526
vt 0.09117059 -0.05234883
vt 0.08966691 -0.04842094
vt 0.000643837 -0.07806383
vt 0.001274308 -0.08222218
vt 0.002947878 -0.08239383
vt 0.002191308 -0.07740381
vt -0.08699611 -0.05570778
vt -0.08988643 -0.05984526
vt -0.08879192 -0.06112289
vt -0.08541988 -0.05629584
vt -0.1388676 -0.00930154
vt -0.1425932 -0.01386122
vt -0.1415072 -0.01514614
vt -0.137392 -0.01010961
vt -0.1652316 0.001819977
vt -0.1690198 -0.003466895
vt -0.167721 -0.004536185
vt -0.1638015 0.0009338887
vt -0.1610932 -0.03301533
vt -0.1637828 -0.03918389
vt -0.1621991 -0.03975146
vt -0.1595996 -0.0337895
vt -0.1028744 -0.09079953
vt -0.1031292 -0.09729855
vt -0.1014645 -0.09705569
vt -0.1012338 -0.09117199
vt -9.333761E-05 -0.1017477
vt 0.001999883 -0.1072513
vt 0.003372889 -0.1062791
vt 0.001578701 -0.1015617
vt 0.08557174 -0.0567028
vt 0.08846207 -0.06084027
vt 0.08955657 -0.05956263
vt 0.08714797 -0.05611474
vt 0.1379535 -0.01113469
vt 0.1406146 -0.01439161
vt 0.1417006 -0.0131067
vt 0.139429 -0.01032663
vt 0.16463 -0.0004033445
vt 0.1667211 -0.003321592
vt 0.1680199 -0.002252295
vt 0.1660601 0.0004827392
vt 0.1603235 -0.03518644
vt 0.1616682 -0.03827072
vt 0.1632519 -0.03770316
vt 0.1618171 -0.03441227
vt 0.1014927 -0.09231169
vt 0.1016334 -0.09589902
vt 0.1032981 -0.09614187
vt 0.1031333 -0.09193923
vt -0.001626756 -0.1019934
vt -0.003121905 -0.1059246
vt -0.001748903 -0.1068967
vt 4.528509E-05 -0.1021794
vt -0.07334842 -0.04923542
vt -0.07780983 -0.0515952
vt -0.07741999 -0.05323176
vt -0.07221502 -0.05047869
vt -0.1083923 0.01814298
vt -0.1136016 0.01539811
vt -0.113103 0.01379135
vt -0.1073489 0.01682326
vt -0.1421606 0.04942311
vt -0.1474585 0.04565028
vt -0.1465766 0.0442176
vt -0.1410951 0.04812119
vt -0.1708869 -0.003751963
vt -0.1741848 -0.009617886
vt -0.1726664 -0.01034226
vt -0.169479 -0.004672806
vt -0.08819532 -0.133611
vt -0.08559153 -0.1395711
vt -0.08419918 -0.1386268
vt -0.08655644 -0.133231
vt 0.0196247 -0.120284
vt 0.02435329 -0.1237928
vt 0.02498621 -0.1222341
vt 0.02093313 -0.1192265
vt 0.07253607 -0.05077126
vt 0.07699747 -0.05313104
vt 0.0773873 -0.05149449
vt 0.07366946 -0.049528
vt 0.1082658 0.01609845
vt 0.1119867 0.01413783
vt 0.1124853 0.01574459
vt 0.1093092 0.01741816
vt 0.1423125 0.04712483
vt 0.1452368 0.0450423
vt 0.1461187 0.04647496
vt 0.143378 0.04842675
vt 0.1703401 -0.00598958
vt 0.171989 -0.008922546
vt 0.1735074 -0.008198172
vt 0.171748 -0.005068739
vt 0.08629262 -0.1343696
vt 0.08485539 -0.1376594
vt 0.08624774 -0.1386037
vt 0.0879315 -0.1347496
vt -0.02120617 -0.1195644
vt -0.02458373 -0.1220707
vt -0.02395082 -0.1236294
vt -0.01989774 -0.1206219
vt -0.05543213 -0.04834645
vt -0.06047881 -0.04840709
vt -0.0608798 -0.05004095
vt -0.05499201 -0.04997021
vt -0.05606569 0.03816616
vt -0.06195346 0.03809317
vt -0.06224082 0.03643555
vt -0.05573732 0.03651617
vt -0.05725293 0.1117358
vt -0.06375591 0.1116215
vt -0.06383909 0.1099412
vt -0.05711075 0.1100595
vt -0.06332718 0.154011
vt -0.07004731 0.1536583
vt -0.06984679 0.151988
vt -0.06335174 0.1523289
vt 0.04855658 -0.1641704
vt 0.05505505 -0.1644384
vt 0.05481558 -0.1627732
vt 0.04893236 -0.1625305
vt 0.05360057 -0.1242267
vt 0.05948804 -0.1243213
vt 0.05909365 -0.1226858
vt 0.05404727 -0.1226048
vt 0.05541126 -0.05008376
vt 0.06045793 -0.05014439
vt 0.06005695 -0.04851053
vt 0.05585138 -0.04846
vt 0.05688363 0.03628801
vt 0.06108918 0.03623587
vt 0.06080182 0.03789349
vt 0.05721201 0.037938
vt 0.05867832 0.1099262
vt 0.06226785 0.1098631
vt 0.06218468 0.1115434
vt 0.0588205 0.1116026
vt 0.06492488 0.1523519
vt 0.06828495 0.1521755
vt 0.06848548 0.1538459
vt 0.06490032 0.1540341
vt -0.05007165 -0.1627916
vt -0.05365868 -0.1629395
vt -0.05389816 -0.1646048
vt -0.04969586 -0.1644314
vt -0.05446606 -0.1227201
vt -0.05867139 -0.1227876
vt -0.05906577 -0.1244231
vt -0.05401938 -0.124342
vt -0.03605627 -0.05069364
vt -0.03848844 -0.04948089
vt -0.03908252 -0.0501648
vt -0.036245 -0.05157968
vt 0.00476399 0.03066776
vt 0.001926389 0.03208248
vt 0.001380635 0.03135939
vt 0.004514989 0.02979674
vt 0.05411071 0.09642522
vt 0.05121061 0.09838877
vt 0.05065361 0.09767433
vt 0.05365419 0.09564273
vt 0.1352204 0.08930933
vt 0.1333981 0.09244145
vt 0.1326473 0.09193444
vt 0.1344086 0.08890723
vt 0.1599109 -0.06590319
vt 0.1614167 -0.06274115
vt 0.1605413 -0.06250791
vt 0.1591781 -0.06537057
vt 0.08608695 -0.1072191
vt 0.08868954 -0.105408
vt 0.08800261 -0.1048174
vt 0.08577184 -0.1063697
vt 0.0364738 -0.05153098
vt 0.03890596 -0.05031823
vt 0.03831187 -0.04963433
vt 0.03628507 -0.05064495
vt -0.003909963 0.02996986
vt -0.001883103 0.03098035
vt -0.002428855 0.03170343
vt -0.004158956 0.03084088
vt -0.0529222 0.09606925
vt -0.05132141 0.0971531
vt -0.05187842 0.09786754
vt -0.05337871 0.09685174
vt -0.1340332 0.08966579
vt -0.133122 0.09123184
vt -0.1338728 0.09173884
vt -0.1348449 0.09006788
vt -0.1595482 -0.06486124
vt -0.1603794 -0.06311585
vt -0.1612548 -0.06334908
vt -0.160281 -0.06539385
vt -0.08599104 -0.1062883
vt -0.08785002 -0.1049947
vt -0.08853694 -0.1055853
vt -0.08630615 -0.1071377
vt -0.019404 -0.06495138
vt -0.02101362 -0.06276157
vt -0.02185452 -0.06309859
vt -0.01997661 -0.06565336
vt 0.05315957 -0.008761158
vt 0.05110857 -0.006343155
vt 0.05032213 -0.006792822
vt 0.05258762 -0.009463707
vt 0.1147572 0.03310756
vt 0.1126844 0.03593056
vt 0.1119199 0.03544451
vt 0.1140646 0.03252368
vt 0.1630578 0.02604952
vt 0.1616095 0.02937115
vt 0.1608052 0.02895425
vt 0.162205 0.02574387
vt 0.1682486 -0.03766489
vt 0.1681741 -0.03416339
vt 0.1672872 -0.03434808
vt 0.1673547 -0.03751806
vt 0.1043994 -0.08741996
vt 0.1056071 -0.08448824
vt 0.1047098 -0.08436356
vt 0.1036746 -0.08687647
vt 0.02015788 -0.06550553
vt 0.02176752 -0.06331573
vt 0.02092663 -0.0629787
vt 0.01958527 -0.06480354
vt -0.05209971 -0.009066198
vt -0.05063471 -0.007339046
vt -0.05142115 -0.00688938
vt -0.05267166 -0.008363657
vt -0.1135184 0.03317135
vt -0.1123742 0.03472959
vt -0.1131387 0.03521564
vt -0.114211 0.03375524
vt -0.1619193 0.02654121
vt -0.1611952 0.02820202
vt -0.1619994 0.02861892
vt -0.1627721 0.02684685
vt -0.1674567 -0.03689684
vt -0.1674156 -0.03496407
vt -0.1683025 -0.03477938
vt -0.1683507 -0.03704365
vt -0.1038149 -0.08668935
vt -0.1046775 -0.08459526
vt -0.1055748 -0.08471993
vt -0.1045397 -0.08723284
vt -0.01104079 -0.08334707
vt -0.0114482 -0.08066003
vt -0.01234938 -0.0805676
vt -0.01187408 -0.08370247
vt 0.08218537 -0.05524527
vt 0.08105177 -0.05228413
vt 0.08016075 -0.05244771
vt 0.08141289 -0.05571852
vt 0.1437782 -0.01816535
vt 0.1421964 -0.0150406
vt 0.1413626 -0.01539468
vt 0.1429992 -0.01862772
vt 0.172175 -0.004759384
vt 0.1705556 -0.001517727
vt 0.1697741 -0.001975964
vt 0.1713393 -0.005109048
vt 0.1642819 -0.02649507
vt 0.1630827 -0.02320447
vt 0.1623027 -0.02366518
vt 0.1633883 -0.02664424
vt 0.1084847 -0.06793897
vt 0.108088 -0.06479317
vt 0.1072461 -0.0651276
vt 0.1075861 -0.06782399
vt 0.01196583 -0.08348733
vt 0.01237324 -0.0808003
vt 0.01147205 -0.08089273
vt 0.01113255 -0.08313192
vt -0.08108415 -0.05518178
vt -0.08027445 -0.05306668
vt -0.08116547 -0.0529031
vt -0.08185662 -0.05470853
vt -0.1425666 -0.01789931
vt -0.1416935 -0.01617451
vt -0.1425274 -0.01582043
vt -0.1433457 -0.01743695
vt -0.1710123 -0.004327559
vt -0.1702026 -0.002706726
vt -0.1709841 -0.002248494
vt -0.1718481 -0.003977901
vt -0.1632847 -0.02602341
vt -0.1626228 -0.02420706
vt -0.1634028 -0.02374634
vt -0.1641783 -0.02587424
vt -0.1076157 -0.06759202
vt -0.1073323 -0.06534502
vt -0.1081743 -0.06501059
vt -0.1085142 -0.06770699
vt -0.01439482 -0.1008568
vt -0.01342868 -0.0983166
vt -0.01416802 -0.0977931
vt -0.01529518 -0.1007567
vt 0.09386332 -0.09600868
vt 0.09373911 -0.09284042
vt 0.09284268 -0.09270965
vt 0.09297989 -0.09620924
vt 0.160865 -0.03871189
vt 0.1594653 -0.03550148
vt 0.1586125 -0.03580711
vt 0.1600607 -0.03912877
vt 0.1719413 0.0003800367
vt 0.1698307 0.003325584
vt 0.1691313 0.002749784
vt 0.1711712 -9.710786E-05
vt 0.1500581 -0.006240287
vt 0.1478421 -0.003528197
vt 0.1472574 -0.0042201
vt 0.1492636 -0.006675413
vt 0.1007597 -0.05112312
vt 0.0989439 -0.04852384
vt 0.09835453 -0.04921182
vt 0.09991092 -0.05143978
vt 0.01526937 -0.1005242
vt 0.01430323 -0.09798397
vt 0.01356389 -0.09850748
vt 0.014369 -0.1006243
vt -0.09284069 -0.09559545
vt -0.09275196 -0.09333239
vt -0.09364838 -0.09346317
vt -0.09372412 -0.09539489
vt -0.1596707 -0.03837699
vt -0.1588981 -0.0366049
vt -0.1597509 -0.03629928
vt -0.160475 -0.03796012
vt -0.170725 0.0006231428
vt -0.1696697 0.002095911
vt -0.1703691 0.002671709
vt -0.1714951 0.001100279
vt -0.1489613 -0.006123344
vt -0.1477381 -0.004626322
vt -0.1483229 -0.003934418
vt -0.1497559 -0.005688212
vt -0.09982906 -0.05122071
vt -0.09853209 -0.04936408
vt -0.09912145 -0.04867609
vt -0.1006778 -0.05090405
vt -0.03134621 -0.1117345
vt -0.02916371 -0.110115
vt -0.02950453 -0.1092756
vt -0.03205078 -0.111165
vt 0.07781936 -0.1343738
vt 0.0790887 -0.1314683
vt 0.07833895 -0.1309598
vt 0.07693686 -0.1341692
vt 0.1712364 -0.009442127
vt 0.1695201 -0.00638923
vt 0.1687024 -0.006779297
vt 0.1704783 -0.009937984
vt 0.1489741 0.05023466
vt 0.1460224 0.05233666
vt 0.1455475 0.05156519
vt 0.1484004 0.04953359
vt 0.1174997 0.02532214
vt 0.1144012 0.02695477
vt 0.1141327 0.02608955
vt 0.1169378 0.0246115
vt 0.08349358 -0.0388759
vt 0.08069079 -0.03739342
vt 0.08048088 -0.03827468
vt 0.08288326 -0.03954538
vt 0.03190381 -0.1109831
vt 0.0297213 -0.1093636
vt 0.02938049 -0.1102029
vt 0.03119924 -0.1115525
vt -0.07707937 -0.133556
vt -0.07798605 -0.1314806
vt -0.07873581 -0.1319891
vt -0.07796188 -0.1337606
vt -0.1700145 -0.00922921
vt -0.1690672 -0.007544068
vt -0.1698848 -0.007154006
vt -0.1707727 -0.00873335
vt -0.1477447 0.05007012
vt -0.1462689 0.05112112
vt -0.1467438 0.05189259
vt -0.1483185 0.05077118
vt -0.1164442 0.02500194
vt -0.1147339 0.02590313
vt -0.1150024 0.02676834
vt -0.117006 0.02571258
vt -0.08271036 -0.0393879
vt -0.08070837 -0.03832898
vt -0.08091829 -0.03744772
vt -0.08332067 -0.03871842
vt -0.05813719 -0.1104542
vt -0.05541978 -0.1104105
vt -0.05520742 -0.1095299
vt -0.05837772 -0.1095808
vt -0.05378063 -0.1551804
vt -0.05061262 -0.1550498
vt -0.05048366 -0.1541531
vt -0.05398298 -0.1542974
vt 0.06831774 0.1512636
vt 0.06482027 0.1514472
vt 0.06471229 0.1505477
vt 0.06833097 0.1503578
vt 0.06240894 0.1162575
vt 0.05878583 0.1163211
vt 0.05883062 0.1154163
vt 0.06233237 0.1153548
vt 0.06090383 0.04869882
vt 0.0574018 0.04874223
vt 0.05755655 0.04784963
vt 0.06072701 0.04781032
vt 0.05971954 -0.03450313
vt 0.05654907 -0.03446504
vt 0.056765 -0.03534484
vt 0.05948255 -0.03537749
vt 0.05815223 -0.1095187
vt 0.05543483 -0.109475
vt 0.0556472 -0.1103557
vt 0.05791169 -0.1103921
vt 0.05336944 -0.1541569
vt 0.05110658 -0.1540636
vt 0.05123553 -0.1549602
vt 0.05316709 -0.1550399
vt -0.06748452 0.1503453
vt -0.06555398 0.1504466
vt -0.06566195 0.1513461
vt -0.0674713 0.1512511
vt -0.06148843 0.115426
vt -0.05967687 0.1154579
vt -0.05963209 0.1163627
vt -0.06156499 0.1163287
vt -0.06010973 0.04793328
vt -0.05817668 0.04795725
vt -0.05802193 0.04884985
vt -0.06028654 0.04882177
vt -0.05925675 -0.03531642
vt -0.05699213 -0.03528921
vt -0.0567762 -0.0344094
vt -0.05949376 -0.03444205
vt -0.08295442 -0.09756291
vt -0.08072364 -0.09911525
vt -0.08003672 -0.09852463
vt -0.08263931 -0.09671357
vt -0.1550875 -0.05991039
vt -0.1537242 -0.06277306
vt -0.1528488 -0.06253983
vt -0.1543547 -0.05937778
vt -0.131281 0.09113948
vt -0.1330422 0.08811227
vt -0.1322915 0.08760528
vt -0.1304692 0.09073738
vt -0.05255343 0.1004802
vt -0.05555401 0.09844859
vt -0.054997 0.09773414
vt -0.05209691 0.0996977
vt -0.004870691 0.0383597
vt -0.008005043 0.03679705
vt -0.007459295 0.03607398
vt -0.004621689 0.03748868
vt 0.0343559 -0.04068554
vt 0.03151838 -0.04210042
vt 0.03211247 -0.04278433
vt 0.03454462 -0.04157158
vt 0.08242001 -0.09679493
vt 0.08018922 -0.09834727
vt 0.08087614 -0.09893789
vt 0.08273513 -0.09764428
vt 0.1539847 -0.05988676
vt 0.1530109 -0.06193152
vt 0.1538863 -0.06216476
vt 0.1547175 -0.06041937
vt 0.1308458 0.08997773
vt 0.1318179 0.08830675
vt 0.1325687 0.08881375
vt 0.1316575 0.09037982
vt 0.05282833 0.09927051
vt 0.05432863 0.0982547
vt 0.05488563 0.09896915
vt 0.05328484 0.100053
vt 0.005226908 0.03731578
vt 0.006957009 0.03645322
vt 0.007502766 0.03717631
vt 0.005475906 0.03818681
vt -0.03431591 -0.0416204
vt -0.03228911 -0.04263102
vt -0.03169503 -0.04194711
vt -0.03412718 -0.04073437
vt -0.09653781 -0.08099739
vt -0.0955027 -0.08351029
vt -0.09460541 -0.08338562
vt -0.09581304 -0.0804539
vt -0.1612477 -0.03447654
vt -0.1613152 -0.03764652
vt -0.1604283 -0.03783122
vt -0.1603538 -0.03432972
vt -0.1593562 0.02832238
vt -0.160756 0.02511201
vt -0.1599517 0.02469511
vt -0.1585034 0.02801674
vt -0.1146513 0.03745002
vt -0.1167959 0.03452919
vt -0.1160315 0.03404314
vt -0.1139586 0.03686613
vt -0.05628727 -0.001733164
vt -0.05855276 -0.004404038
vt -0.05776633 -0.004853706
vt -0.05571533 -0.002435701
vt 0.0133198 -0.05682511
vt 0.0114419 -0.05937988
vt 0.01228279 -0.0597169
vt 0.01389242 -0.0575271
vt 0.09567274 -0.08064104
vt 0.09463762 -0.08315394
vt 0.09553492 -0.08327861
vt 0.09639752 -0.08118452
vt 0.1602519 -0.03495058
vt 0.1603 -0.03721485
vt 0.1611869 -0.03703016
vt 0.1611458 -0.0350974
vt 0.1587893 0.02721919
vt 0.159562 0.02544712
vt 0.1603663 0.02586403
vt 0.1596421 0.02752483
vt 0.1145044 0.03621839
vt 0.1155768 0.03475798
vt 0.1163412 0.03524403
vt 0.1151971 0.03680227
vt 0.0562036 -0.002832823
vt 0.05745412 -0.0043071
vt 0.05824055 -0.003857434
vt 0.05677556 -0.00213028
vt -0.01371126 -0.057675
vt -0.0123699 -0.05949984
vt -0.01152901 -0.05916282
vt -0.01313864 -0.05697302
vt -0.09847745 -0.06623326
vt -0.09881744 -0.06892965
vt -0.09797551 -0.06926408
vt -0.09757886 -0.06611829
vt -0.156627 -0.0257335
vt -0.1577126 -0.02871256
vt -0.1569326 -0.02917327
vt -0.1557334 -0.02588267
vt -0.16836 -0.002682387
vt -0.1699251 -0.005815476
vt -0.1691437 -0.006273708
vt -0.1675242 -0.003032052
vt -0.1443859 -0.0138643
vt -0.1460224 -0.01709734
vt -0.1451886 -0.01745142
vt -0.1436068 -0.01432666
vt -0.08746576 -0.04965118
vt -0.08871789 -0.05292199
vt -0.08782687 -0.05308557
vt -0.08669327 -0.05012443
vt 0.001876711 -0.07897978
vt 0.00140141 -0.08211465
vt 0.002302594 -0.08202222
vt 0.002709999 -0.07933518
vt 0.0975492 -0.06635028
vt 0.09788918 -0.06904668
vt 0.09873112 -0.06871225
vt 0.09844778 -0.06646525
vt 0.1558371 -0.02650343
vt 0.1566126 -0.02863133
vt 0.1573926 -0.02817062
vt 0.1567307 -0.02635426
vt 0.1678513 -0.003813548
vt 0.1687152 -0.005542954
vt 0.1694967 -0.005084723
vt 0.168687 -0.003463889
vt 0.144039 -0.01505523
vt 0.1448573 -0.01667175
vt 0.1456912 -0.01631767
vt 0.144818 -0.01459287
vt 0.08702219 -0.05066105
vt 0.08771335 -0.05246647
vt 0.08860438 -0.0523029
vt 0.08779467 -0.0501878
vt -0.002618334 -0.07955036
vt -0.002278834 -0.08178955
vt -0.001377645 -0.08188199
vt -0.001785046 -0.07919495
vt -0.0911092 -0.05427319
vt -0.0926656 -0.05650115
vt -0.09207623 -0.05718914
vt -0.09026044 -0.05458985
vt -0.1425795 -0.008042269
vt -0.1445857 -0.01049758
vt -0.144001 -0.01118949
vt -0.141785 -0.008477401
vt -0.1678464 0.00182907
vt -0.1698863 -0.001017818
vt -0.1691869 -0.001593612
vt -0.1670763 0.001351932
vt -0.1617186 -0.03445288
vt -0.1631668 -0.03777454
vt -0.162314 -0.03808017
vt -0.1609143 -0.03486976
vt -0.1006588 -0.09240319
vt -0.100796 -0.09590279
vt -0.09989955 -0.09577201
vt -0.09977532 -0.09260374
vt 0.004267579 -0.1015586
vt 0.00539474 -0.1045222
vt 0.006134083 -0.1039987
vt 0.00516794 -0.1014585
vt 0.09034222 -0.05480899
vt 0.09189861 -0.05703695
vt 0.09248798 -0.05634897
vt 0.09119099 -0.05449234
vt 0.1420873 -0.009029401
vt 0.1435203 -0.01078319
vt 0.1441051 -0.01009129
vt 0.1428819 -0.008594269
vt 0.1675224 0.0006319046
vt 0.1686484 -0.000939523
vt 0.1693478 -0.0003637247
vt 0.1682925 0.00110904
vt 0.161304 -0.0356221
vt 0.1620281 -0.03728293
vt 0.1628809 -0.03697731
vt 0.1621083 -0.03520522
vt 0.09991479 -0.09321744
vt 0.09999053 -0.09514916
vt 0.100887 -0.09527992
vt 0.1007982 -0.09301688
vt -0.005193901 -0.1016909
vt -0.005999016 -0.1038077
vt -0.005259678 -0.1043312
vt -0.004293536 -0.101791
vt -0.07634857 -0.04608724
vt -0.07875095 -0.04735794
vt -0.07854104 -0.0482392
vt -0.07573825 -0.04675671
vt -0.1113167 0.02074527
vt -0.1141219 0.01926721
vt -0.1138534 0.018402
vt -0.1107549 0.02003463
vt -0.1446306 0.05027757
vt -0.1474834 0.04824596
vt -0.1470085 0.0474745
vt -0.1440568 0.0495765
vt -0.1716561 -0.005118616
vt -0.173432 -0.008277313
vt -0.1726143 -0.008667375
vt -0.170898 -0.005614478
vt -0.08550686 -0.1340913
vt -0.08410476 -0.1373007
vt -0.083355 -0.1367922
vt -0.08462435 -0.1338867
vt 0.02319259 -0.1177819
vt 0.02573885 -0.1196713
vt 0.02607967 -0.1188319
vt 0.02389716 -0.1172124
vt 0.07591114 -0.04691425
vt 0.07831353 -0.04818495
vt 0.07852345 -0.04730368
vt 0.07652146 -0.04624477
vt 0.1112486 0.0196444
vt 0.1132523 0.01858864
vt 0.1135208 0.01945386
vt 0.1118105 0.02035504
vt 0.1447123 0.04904002
vt 0.1462871 0.04791861
vt 0.1467619 0.04869007
vt 0.1452861 0.04974108
vt 0.1713617 -0.006323589
vt 0.1722496 -0.007902944
vt 0.1730672 -0.007512882
vt 0.1721198 -0.005827734
vt 0.08448253 -0.1344997
vt 0.08370859 -0.1362712
vt 0.08445836 -0.1367797
vt 0.08536503 -0.1347043
vt -0.02404423 -0.1173943
vt -0.02586299 -0.1187439
vt -0.02552218 -0.1195832
vt -0.02333966 -0.1179637
vt -0.05665882 -0.04418232
vt -0.05937636 -0.04421496
vt -0.05959228 -0.04509477
vt -0.05642182 -0.04505668
vt -0.05748163 0.04180935
vt -0.06065208 0.04177004
vt -0.06080683 0.04087744
vt -0.05730481 0.04092086
vt -0.05880279 0.1138359
vt -0.06230454 0.1137743
vt -0.06234933 0.1128695
vt -0.05872623 0.1129332
vt -0.06488973 0.1539317
vt -0.06850841 0.1537417
vt -0.06840043 0.1528423
vt -0.06490295 0.1530258
vt 0.05016148 -0.1619685
vt 0.0536608 -0.1621128
vt 0.05353185 -0.1612161
vt 0.05036384 -0.1610855
vt 0.05503737 -0.1201208
vt 0.05820766 -0.1201717
vt 0.05799529 -0.1192911
vt 0.0552779 -0.1192474
vt 0.05664757 -0.04511783
vt 0.05936512 -0.04515047
vt 0.05914919 -0.04427067
vt 0.05688457 -0.04424346
vt 0.05792212 0.04079801
vt 0.06018673 0.04076993
vt 0.06003199 0.04166254
vt 0.05809893 0.0416865
vt 0.05957046 0.1128613
vt 0.06150336 0.1128273
vt 0.06145858 0.1137321
vt 0.05964702 0.113764
vt 0.06575046 0.1530381
vt 0.06755981 0.1529432
vt 0.06766779 0.1538426
vt 0.06573725 0.1539439
vt -0.05097716 -0.1612261
vt -0.05290873 -0.1613058
vt -0.05303767 -0.1622025
vt -0.05077481 -0.1621092
vt -0.05550343 -0.1193095
vt -0.05776792 -0.1193458
vt -0.05798028 -0.1202265
vt -0.05526289 -0.1201829
vt 0.1728814 -0.01240611
vt 0.1718417 -0.01061551
vt 0.1657881 -0.0141304
vt 0.1668278 -0.01592099
vt 0.1655837 0.03554116
vt 0.1641368 0.0370222
vt 0.1591298 0.03213041
vt 0.1605767 0.03064935
vt 0.06629391 0.1401073
vt 0.06422599 0.1402119
vt 0.06387238 0.1332209
vt 0.0659403 0.1331163
vt -0.0888506 0.1130833
vt -0.09036232 0.1116684
vt -0.08557897 0.1065577
vt -0.08406725 0.1079726
vt -0.1421413 0.04148262
vt -0.1432042 0.03970573
vt -0.137197 0.03611221
vt -0.1361341 0.03788911
vt -0.1625541 -0.003325968
vt -0.1634952 -0.005170244
vt -0.1572603 -0.008352182
vt -0.1563191 -0.006507911
vt -0.1718417 -0.01061556
vt -0.1728814 -0.01240617
vt -0.1668278 -0.01592105
vt -0.1657881 -0.01413044
vt -0.1641367 0.03702228
vt -0.1655837 0.03554124
vt -0.1605767 0.03064944
vt -0.1591297 0.03213048
vt -0.06422599 0.1402119
vt -0.06629391 0.1401073
vt -0.06594029 0.1331163
vt -0.06387238 0.1332209
vt 0.0903623 0.1116684
vt 0.08885057 0.1130833
vt 0.08406723 0.1079726
vt 0.08557895 0.1065577
vt 0.1432042 0.03970577
vt 0.1421412 0.04148266
vt 0.136134 0.03788915
vt 0.137197 0.03611226
vt 0.1634952 -0.005170153
vt 0.162554 -0.003325883
vt 0.156319 -0.006507821
vt 0.1572602 -0.008352096
vt -0.05990269 -0.08049665
vt -0.05882149 -0.0822625
vt -0.05700222 -0.08325116
vt -0.05493236 -0.08319773
vt -0.05316652 -0.08211652
vt -0.05217786 -0.08029725
vt -0.05223129 -0.07822739
vt -0.05331249 -0.07646155
vt -0.05513176 -0.07547289
vt -0.05720163 -0.07552632
vt -0.05896746 -0.07660753
vt -0.05995613 -0.07842679
vt 0.05995612 -0.07842679
vt 0.05896746 -0.07660753
vt 0.05720163 -0.07552632
vt 0.05513176 -0.07547288
vt 0.05331249 -0.07646155
vt 0.05223129 -0.07822739
vt 0.05217786 -0.08029725
vt 0.05316652 -0.08211653
vt 0.05493236 -0.08319773
vt 0.05700222 -0.08325116
vt 0.05882149 -0.0822625
vt 0.05990269 -0.08049665
vt -0.05292616 0.1429292
vt -0.06006784 0.1416986
vt -0.05958549 0.1388994
vt -0.05244381 0.14013
vt 0.09981592 0.1117625
vt 0.09445376 0.1166374
vt 0.09254294 0.1145357
vt 0.0979051 0.1096607
vt 0.1432379 0.0513871
vt 0.1396378 0.05767654
vt 0.1371726 0.05626541
vt 0.1407727 0.04997597
vt 0.1561148 0.0203329
vt 0.1530192 0.02688541
vt 0.1504509 0.02567205
vt 0.1535464 0.01911954
vt 0.1597179 0.01773721
vt 0.1563693 0.02416412
vt 0.1538502 0.02285159
vt 0.1571987 0.0164247
vt 0.1493707 0.05455486
vt 0.1447486 0.06013644
vt 0.1425609 0.05832475
vt 0.1471829 0.05274315
vt 0.06006774 0.1416984
vt 0.05292606 0.1429291
vt 0.0524437 0.1401298
vt 0.05958538 0.1388992
vt -0.09445339 0.1166374
vt -0.09981556 0.1117625
vt -0.09790474 0.1096607
vt -0.09254257 0.1145356
vt -0.1396375 0.05767664
vt -0.1432377 0.05138722
vt -0.1407725 0.04997609
vt -0.1371723 0.05626551
vt -0.1530191 0.02688536
vt -0.1561147 0.02033286
vt -0.1535463 0.0191195
vt -0.1504508 0.025672
vt -0.1563693 0.02416395
vt -0.1597179 0.01773704
vt -0.1571987 0.01642451
vt -0.1538502 0.02285143
vt -0.1447489 0.06013612
vt -0.149371 0.05455451
vt -0.1471832 0.05274282
vt -0.1425611 0.05832442
vt -0.01711098 -0.05615072
vt -0.01400868 -0.04960138
vt -0.01459668 -0.04237834
vt -0.0187174 -0.036417
vt -0.02526673 -0.03331469
vt -0.03248978 -0.03390268
vt -0.03845112 -0.03802341
vt -0.04155343 -0.04457275
vt -0.04096543 -0.05179579
vt -0.03684471 -0.05775713
vt -0.03029536 -0.06085943
vt -0.02307233 -0.06027144
vt 0.02307233 -0.06027143
vt 0.03029537 -0.06085942
vt 0.0368447 -0.05775712
vt 0.04096543 -0.05179578
vt 0.04155342 -0.04457274
vt 0.03845112 -0.0380234
vt 0.03248978 -0.03390268
vt 0.02526674 -0.03331468
vt 0.01871741 -0.03641699
vt 0.01459668 -0.04237833
vt 0.01400868 -0.04960137
vt 0.01711099 -0.0561507
vt -0.05203716 0.1320821
vt -0.05917884 0.1308515
vt -0.05869648 0.1280522
vt -0.0515548 0.1292829
vt 0.09200039 0.104217
vt 0.08663823 0.1090919
vt 0.08472741 0.1069902
vt 0.09008957 0.1021152
vt 0.1337011 0.0462263
vt 0.130101 0.05251574
vt 0.1276357 0.0511046
vt 0.1312359 0.04481518
vt 0.1464236 0.01546824
vt 0.143328 0.02202075
vt 0.1407596 0.0208074
vt 0.1438552 0.01425488
vt 0.1504307 0.01210104
vt 0.1470821 0.01852795
vt 0.144563 0.01721543
vt 0.1479116 0.01078853
vt 0.1416374 0.0468968
vt 0.1370153 0.05247839
vt 0.1348275 0.05066669
vt 0.1394496 0.04508509
vt 0.05917874 0.1308513
vt 0.05203705 0.1320819
vt 0.0515547 0.1292827
vt 0.05869638 0.1280521
vt -0.08663787 0.1090919
vt -0.09200003 0.1042169
vt -0.09008922 0.1021151
vt -0.08472706 0.1069901
vt -0.1301007 0.05251583
vt -0.1337009 0.0462264
vt -0.1312357 0.04481528
vt -0.1276355 0.0511047
vt -0.1433279 0.0220207
vt -0.1464235 0.0154682
vt -0.1438551 0.01425484
vt -0.1407595 0.02080734
vt -0.1470821 0.01852778
vt -0.1504307 0.01210087
vt -0.1479116 0.01078835
vt -0.144563 0.01721526
vt -0.1370155 0.05247808
vt -0.1416376 0.04689647
vt -0.1394498 0.04508478
vt -0.1348277 0.05066637
vt -0.01805272 -0.05648704
vt -0.01495042 -0.04993771
vt -0.0155384 -0.04271467
vt -0.01965914 -0.03675332
vt -0.02620847 -0.03365102
vt -0.03343151 -0.03423901
vt -0.03939286 -0.03835974
vt -0.04249517 -0.04490908
vt -0.04190717 -0.05213211
vt -0.03778644 -0.05809346
vt -0.0312371 -0.06119577
vt -0.02401406 -0.06060777
vt 0.02401407 -0.06060776
vt 0.0312371 -0.06119575
vt 0.03778643 -0.05809345
vt 0.04190717 -0.05213211
vt 0.04249515 -0.04490907
vt 0.03939286 -0.03835974
vt 0.03343151 -0.03423901
vt 0.02620847 -0.03365101
vt 0.01965914 -0.03675332
vt 0.01553841 -0.04271466
vt 0.01495042 -0.0499377
vt 0.01805273 -0.05648704
o group587982059
g mesh587982059
usemtl mat21
f 356/1374/338 355/1373/338 354/1372/338 353/1371/338
f 355/1378/339 358/1377/339 357/1376/339 354/1375/339
f 358/1382/340 360/1381/340 359/1380/340 357/1379/340
f 360/1386/341 362/1385/341 361/1384/341 359/1383/341
f 362/1390/342 364/1389/342 363/1388/342 361/1387/342
f 364/1394/343 366/1393/343 365/1392/343 363/1391/343
f 366/1398/344 368/1397/344 367/1396/344 365/1395/344
f 368/1402/345 370/1401/345 369/1400/345 367/1399/345
f 370/1406/346 372/1405/346 371/1404/346 369/1403/346
f 372/1410/347 374/1409/347 373/1408/347 371/1407/347
f 374/1414/348 376/1413/348 375/1412/348 373/1411/348
f 376/1418/349 356/1417/349 353/1416/349 375/1415/349
f 353/1430/350 354/1429/350 357/1428/350 359/1427/350 361/1426/350 363/1425/350 365/1424/350 367/1423/350 369/1422/350 371/1421/350 373/1420/350 375/1419/350
f 376/1442/351 374/1441/351 372/1440/351 370/1439/351 368/1438/351 366/1437/351 364/1436/351 362/1435/351 360/1434/351 358/1433/351 355/1432/351 356/1431/351
o group1533782707
g mesh1533782707
usemtl mat3
f 1084/4186/1026 1083/4185/1026 1082/4184/1026 1081/4183/1026
f 1083/4190/1027 1086/4189/1027 1085/4188/1027 1082/4187/1027
f 1086/4194/1028 1088/4193/1028 1087/4192/1028 1085/4191/1028
f 1088/4198/1029 1090/4197/1029 1089/4196/1029 1087/4195/1029
f 1090/4202/1030 1092/4201/1030 1091/4200/1030 1089/4199/1030
f 1092/4206/1031 1094/4205/1031 1093/4204/1031 1091/4203/1031
f 1094/4210/1032 1096/4209/1032 1095/4208/1032 1093/4207/1032
f 1096/4214/1033 1098/4213/1033 1097/4212/1033 1095/4211/1033
f 1098/4218/1034 1100/4217/1034 1099/4216/1034 1097/4215/1034
f 1100/4222/1035 1102/4221/1035 1101/4220/1035 1099/4219/1035
f 1102/4226/1036 1104/4225/1036 1103/4224/1036 1101/4223/1036
f 1104/4230/1037 1084/4229/1037 1081/4228/1037 1103/4227/1037
f 1081/4242/1038 1082/4241/1038 1085/4240/1038 1087/4239/1038 1089/4238/1038 1091/4237/1038 1093/4236/1038 1095/4235/1038 1097/4234/1038 1099/4233/1038 1101/4232/1038 1103/4231/1038
f 1104/4254/1039 1102/4253/1039 1100/4252/1039 1098/4251/1039 1096/4250/1039 1094/4249/1039 1092/4248/1039 1090/4247/1039 1088/4246/1039 1086/4245/1039 1083/4244/1039 1084/4243/1039
o group473739499
g mesh473739499
usemtl mat3
f 1108/4258/1040 1107/4257/1040 1106/4256/1040 1105/4255/1040
f 1107/4262/1041 1110/4261/1041 1109/4260/1041 1106/4259/1041
f 1110/4266/1042 1112/4265/1042 1111/4264/1042 1109/4263/1042
f 1112/4270/1043 1114/4269/1043 1113/4268/1043 1111/4267/1043
f 1114/4274/1044 1116/4273/1044 1115/4272/1044 1113/4271/1044
f 1116/4278/1045 1118/4277/1045 1117/4276/1045 1115/4275/1045
f 1118/4282/1046 1120/4281/1046 1119/4280/1046 1117/4279/1046
f 1120/4286/1047 1122/4285/1047 1121/4284/1047 1119/4283/1047
f 1122/4290/1048 1124/4289/1048 1123/4288/1048 1121/4287/1048
f 1124/4294/1049 1126/4293/1049 1125/4292/1049 1123/4291/1049
f 1126/4298/1050 1128/4297/1050 1127/4296/1050 1125/4295/1050
f 1128/4302/1051 1108/4301/1051 1105/4300/1051 1127/4299/1051
f 1105/4314/1052 1106/4313/1052 1109/4312/1052 1111/4311/1052 1113/4310/1052 1115/4309/1052 1117/4308/1052 1119/4307/1052 1121/4306/1052 1123/4305/1052 1125/4304/1052 1127/4303/1052
f 1128/4326/1053 1126/4325/1053 1124/4324/1053 1122/4323/1053 1120/4322/1053 1118/4321/1053 1116/4320/1053 1114/4319/1053 1112/4318/1053 1110/4317/1053 1107/4316/1053 1108/4315/1053
o group1530764111
g mesh1530764111
usemtl mat5
f 3/3/1 2/2/1 1/1/1
f 7/7/2 6/6/2 5/5/2 4/4/2
f 11/11/3 10/10/3 9/9/3 8/8/3
f 10/15/4 13/14/4 12/13/4 9/12/4
f 13/19/5 15/18/5 14/17/5 12/16/5
f 15/23/6 17/22/6 16/21/6 14/20/6
f 17/27/7 19/26/7 18/25/7 16/24/7
f 19/31/8 21/30/8 20/29/8 18/28/8
f 21/35/9 23/34/9 22/33/9 20/32/9
f 23/39/10 25/38/10 24/37/10 22/36/10
f 24/51/11 1/50/11 4/49/11 5/48/11 8/47/11 9/46/11 12/45/11 14/44/11 16/43/11 18/42/11 20/41/11 22/40/11
f 25/63/12 23/62/12 21/61/12 19/60/12 17/59/12 15/58/12 13/57/12 10/56/12 11/55/12 6/54/12 7/53/12 26/52/12
f 25/67/13 26/66/13 1/65/13 24/64/13
f 6/71/14 11/70/14 8/69/14 5/68/14
f 28/75/15 27/74/15 7/73/15 4/72/15
f 27/78/16 29/77/16 7/76/16
f 30/82/17 3/81/17 1/80/17 26/79/17
f 33/86/18 32/85/18 2/84/18 31/83/18
f 36/90/19 29/89/19 35/88/19 34/87/19
f 36/93/20 32/92/20 26/91/20
f 36/96/21 26/95/21 7/94/21
f 37/99/22 4/98/22 1/97/22
f 37/104/23 38/103/23 34/102/23 35/101/23 4/100/23
f 29/108/24 40/107/24 39/106/24 35/105/24
f 32/113/25 36/112/25 34/111/25 38/110/25 2/109/25
f 35/116/26 28/115/26 4/114/26
f 32/119/27 30/118/27 26/117/27
f 29/122/28 36/121/28 7/120/28
f 2/126/29 38/125/29 37/124/29 1/123/29
f 28/130/30 39/129/30 40/128/30 27/127/30
f 30/134/31 33/133/31 31/132/31 3/131/31
f 3/137/32 31/136/32 2/135/32
f 35/140/33 39/139/33 28/138/33
f 32/143/34 33/142/34 30/141/34
f 27/146/35 40/145/35 29/144/35
usemtl mat15
f 44/150/36 43/149/36 42/148/36 41/147/36
f 46/154/37 45/153/37 43/152/37 44/151/37
f 48/158/38 47/157/38 45/156/38 46/155/38
f 50/162/39 49/161/39 47/160/39 48/159/39
f 52/166/40 51/165/40 49/164/40 50/163/40
f 54/170/41 53/169/41 51/168/41 52/167/41
f 56/174/42 55/173/42 53/172/42 54/171/42
f 58/178/43 57/177/43 55/176/43 56/175/43
f 60/182/44 59/181/44 57/180/44 58/179/44
f 62/186/45 61/185/45 59/184/45 60/183/45
f 64/190/46 63/189/46 61/188/46 62/187/46
f 41/194/47 42/193/47 63/192/47 64/191/47
f 43/198/48 66/197/48 65/196/48 42/195/48
f 45/202/49 67/201/49 66/200/49 43/199/49
f 47/206/50 68/205/50 67/204/50 45/203/50
f 49/210/51 69/209/51 68/208/51 47/207/51
f 51/214/52 70/213/52 69/212/52 49/211/52
f 53/218/53 71/217/53 70/216/53 51/215/53
f 55/222/54 72/221/54 71/220/54 53/219/54
f 57/226/55 73/225/55 72/224/55 55/223/55
f 59/230/56 74/229/56 73/228/56 57/227/56
f 61/234/57 75/233/57 74/232/57 59/231/57
f 63/238/58 76/237/58 75/236/58 61/235/58
f 42/242/59 65/241/59 76/240/59 63/239/59
f 66/246/60 78/245/60 77/244/60 65/243/60
f 67/250/61 79/249/61 78/248/61 66/247/61
f 68/254/62 80/253/62 79/252/62 67/251/62
f 69/258/63 81/257/63 80/256/63 68/255/63
f 70/262/64 82/261/64 81/260/64 69/259/64
f 71/266/65 83/265/65 82/264/65 70/263/65
f 72/270/66 84/269/66 83/268/66 71/267/66
f 73/274/67 85/273/67 84/272/67 72/271/67
f 74/278/68 86/277/68 85/276/68 73/275/68
f 75/282/69 87/281/69 86/280/69 74/279/69
f 76/286/70 88/285/70 87/284/70 75/283/70
f 65/290/71 77/289/71 88/288/71 76/287/71
f 78/294/72 90/293/72 89/292/72 77/291/72
f 79/298/73 91/297/73 90/296/73 78/295/73
f 80/302/74 92/301/74 91/300/74 79/299/74
f 81/306/75 93/305/75 92/304/75 80/303/75
f 82/310/76 94/309/76 93/308/76 81/307/76
f 83/314/77 95/313/77 94/312/77 82/311/77
f 84/318/78 96/317/78 95/316/78 83/315/78
f 85/322/79 97/321/79 96/320/79 84/319/79
f 86/326/80 98/325/80 97/324/80 85/323/80
f 87/330/81 99/329/81 98/328/81 86/327/81
f 88/334/82 100/333/82 99/332/82 87/331/82
f 77/338/83 89/337/83 100/336/83 88/335/83
f 90/342/84 102/341/84 101/340/84 89/339/84
f 91/346/85 103/345/85 102/344/85 90/343/85
f 92/350/86 104/349/86 103/348/86 91/347/86
f 93/354/87 105/353/87 104/352/87 92/351/87
f 94/358/88 106/357/88 105/356/88 93/355/88
f 95/362/89 107/361/89 106/360/89 94/359/89
f 96/366/90 108/365/90 107/364/90 95/363/90
f 97/370/91 109/369/91 108/368/91 96/367/91
f 98/374/92 110/373/92 109/372/92 97/371/92
f 99/378/93 111/377/93 110/376/93 98/375/93
f 100/382/94 112/381/94 111/380/94 99/379/94
f 89/386/95 101/385/95 112/384/95 100/383/95
f 102/390/96 114/389/96 113/388/96 101/387/96
f 103/394/97 115/393/97 114/392/97 102/391/97
f 104/398/98 116/397/98 115/396/98 103/395/98
f 105/402/99 117/401/99 116/400/99 104/399/99
f 106/406/100 118/405/100 117/404/100 105/403/100
f 107/410/101 119/409/101 118/408/101 106/407/101
f 108/414/102 120/413/102 119/412/102 107/411/102
f 109/418/103 121/417/103 120/416/103 108/415/103
f 110/422/104 122/421/104 121/420/104 109/419/104
f 111/426/105 123/425/105 122/424/105 110/423/105
f 112/430/106 124/429/106 123/428/106 111/427/106
f 101/434/107 113/433/107 124/432/107 112/431/107
f 114/438/108 126/437/108 125/436/108 113/435/108
f 115/442/109 127/441/109 126/440/109 114/439/109
f 116/446/110 128/445/110 127/444/110 115/443/110
f 117/450/111 129/449/111 128/448/111 116/447/111
f 118/454/112 130/453/112 129/452/112 117/451/112
f 119/458/113 131/457/113 130/456/113 118/455/113
f 120/462/114 132/461/114 131/460/114 119/459/114
f 121/466/115 133/465/115 132/464/115 120/463/115
f 122/470/116 134/469/116 133/468/116 121/467/116
f 123/474/117 135/473/117 134/472/117 122/471/117
f 124/478/118 136/477/118 135/476/118 123/475/118
f 113/482/119 125/481/119 136/480/119 124/479/119
f 126/486/120 138/485/120 137/484/120 125/483/120
f 127/490/121 139/489/121 138/488/121 126/487/121
f 128/494/122 140/493/122 139/492/122 127/491/122
f 129/498/123 141/497/123 140/496/123 128/495/123
f 130/502/124 142/501/124 141/500/124 129/499/124
f 131/506/125 143/505/125 142/504/125 130/503/125
f 132/510/126 144/509/126 143/508/126 131/507/126
f 133/514/127 145/513/127 144/512/127 132/511/127
f 134/518/128 146/517/128 145/516/128 133/515/128
f 135/522/129 147/521/129 146/520/129 134/519/129
f 136/526/130 148/525/130 147/524/130 135/523/130
f 125/530/131 137/529/131 148/528/131 136/527/131
f 138/534/132 150/533/132 149/532/132 137/531/132
f 139/538/133 151/537/133 150/536/133 138/535/133
f 140/542/134 152/541/134 151/540/134 139/539/134
f 141/546/135 153/545/135 152/544/135 140/543/135
f 142/550/136 154/549/136 153/548/136 141/547/136
f 143/554/137 155/553/137 154/552/137 142/551/137
f 144/558/138 156/557/138 155/556/138 143/555/138
f 145/562/139 157/561/139 156/560/139 144/559/139
f 146/566/140 158/565/140 157/564/140 145/563/140
f 147/570/141 159/569/141 158/568/141 146/567/141
f 148/574/142 160/573/142 159/572/142 147/571/142
f 137/578/143 149/577/143 160/576/143 148/575/143
f 150/582/144 162/581/144 161/580/144 149/579/144
f 151/586/145 163/585/145 162/584/145 150/583/145
f 152/590/146 164/589/146 163/588/146 151/587/146
f 153/594/147 165/593/147 164/592/147 152/591/147
f 154/598/148 166/597/148 165/596/148 153/595/148
f 155/602/149 167/601/149 166/600/149 154/599/149
f 156/606/150 168/605/150 167/604/150 155/603/150
f 157/610/151 169/609/151 168/608/151 156/607/151
f 158/614/152 170/613/152 169/612/152 157/611/152
f 159/618/153 171/617/153 170/616/153 158/615/153
f 160/622/154 172/621/154 171/620/154 159/619/154
f 149/626/155 161/625/155 172/624/155 160/623/155
f 162/630/156 174/629/156 173/628/156 161/627/156
f 163/634/157 175/633/157 174/632/157 162/631/157
f 164/638/158 176/637/158 175/636/158 163/635/158
f 165/642/159 177/641/159 176/640/159 164/639/159
f 166/646/160 178/645/160 177/644/160 165/643/160
f 167/650/161 179/649/161 178/648/161 166/647/161
f 168/654/162 180/653/162 179/652/162 167/651/162
f 169/658/163 181/657/163 180/656/163 168/655/163
f 170/662/164 182/661/164 181/660/164 169/659/164
f 171/666/165 183/665/165 182/664/165 170/663/165
f 172/670/166 184/669/166 183/668/166 171/667/166
f 161/674/167 173/673/167 184/672/167 172/671/167
f 174/678/168 44/677/168 41/676/168 173/675/168
f 175/682/169 46/681/169 44/680/169 174/679/169
f 176/686/170 48/685/170 46/684/170 175/683/170
f 177/690/171 50/689/171 48/688/171 176/687/171
f 178/694/172 52/693/172 50/692/172 177/691/172
f 179/698/173 54/697/173 52/696/173 178/695/173
f 180/702/174 56/701/174 54/700/174 179/699/174
f 181/706/175 58/705/175 56/704/175 180/703/175
f 182/710/176 60/709/176 58/708/176 181/707/176
f 183/714/177 62/713/177 60/712/177 182/711/177
f 184/718/178 64/717/178 62/716/178 183/715/178
f 173/722/179 41/721/179 64/720/179 184/719/179
usemtl mat25
f 188/726/180 187/725/180 186/724/180 185/723/180
f 190/730/181 189/729/181 187/728/181 188/727/181
f 192/734/182 191/733/182 189/732/182 190/731/182
f 194/738/183 193/737/183 191/736/183 192/735/183
f 196/742/184 195/741/184 193/740/184 194/739/184
f 198/746/185 197/745/185 195/744/185 196/743/185
f 200/750/186 199/749/186 197/748/186 198/747/186
f 202/754/187 201/753/187 199/752/187 200/751/187
f 204/758/188 203/757/188 201/756/188 202/755/188
f 206/762/189 205/761/189 203/760/189 204/759/189
f 208/766/190 207/765/190 205/764/190 206/763/190
f 185/770/191 186/769/191 207/768/191 208/767/191
f 187/774/192 210/773/192 209/772/192 186/771/192
f 189/778/193 211/777/193 210/776/193 187/775/193
f 191/782/194 212/781/194 211/780/194 189/779/194
f 193/786/195 213/785/195 212/784/195 191/783/195
f 195/790/196 214/789/196 213/788/196 193/787/196
f 197/794/197 215/793/197 214/792/197 195/791/197
f 199/798/198 216/797/198 215/796/198 197/795/198
f 201/802/199 217/801/199 216/800/199 199/799/199
f 203/806/200 218/805/200 217/804/200 201/803/200
f 205/810/201 219/809/201 218/808/201 203/807/201
f 207/814/202 220/813/202 219/812/202 205/811/202
f 186/818/203 209/817/203 220/816/203 207/815/203
f 210/822/204 222/821/204 221/820/204 209/819/204
f 211/826/205 223/825/205 222/824/205 210/823/205
f 212/830/206 224/829/206 223/828/206 211/827/206
f 213/834/207 225/833/207 224/832/207 212/831/207
f 214/838/208 226/837/208 225/836/208 213/835/208
f 215/842/209 227/841/209 226/840/209 214/839/209
f 216/846/210 228/845/210 227/844/210 215/843/210
f 217/850/211 229/849/211 228/848/211 216/847/211
f 218/854/212 230/853/212 229/852/212 217/851/212
f 219/858/213 231/857/213 230/856/213 218/855/213
f 220/862/214 232/861/214 231/860/214 219/859/214
f 209/866/215 221/865/215 232/864/215 220/863/215
f 222/870/216 234/869/216 233/868/216 221/867/216
f 223/874/217 235/873/217 234/872/217 222/871/217
f 224/878/218 236/877/218 235/876/218 223/875/218
f 225/882/219 237/881/219 236/880/219 224/879/219
f 226/886/220 238/885/220 237/884/220 225/883/220
f 227/890/221 239/889/221 238/888/221 226/887/221
f 228/894/222 240/893/222 239/892/222 227/891/222
f 229/898/223 241/897/223 240/896/223 228/895/223
f 230/902/224 242/901/224 241/900/224 229/899/224
f 231/906/225 243/905/225 242/904/225 230/903/225
f 232/910/226 244/909/226 243/908/226 231/907/226
f 221/914/227 233/913/227 244/912/227 232/911/227
f 234/918/228 246/917/228 245/916/228 233/915/228
f 235/922/229 247/921/229 246/920/229 234/919/229
f 236/926/230 248/925/230 247/924/230 235/923/230
f 237/930/231 249/929/231 248/928/231 236/927/231
f 238/934/232 250/933/232 249/932/232 237/931/232
f 239/938/233 251/937/233 250/936/233 238/935/233
f 240/942/234 252/941/234 251/940/234 239/939/234
f 241/946/235 253/945/235 252/944/235 240/943/235
f 242/950/236 254/949/236 253/948/236 241/947/236
f 243/954/237 255/953/237 254/952/237 242/951/237
f 244/958/238 256/957/238 255/956/238 243/955/238
f 233/962/239 245/961/239 256/960/239 244/959/239
f 246/966/240 258/965/240 257/964/240 245/963/240
f 247/970/241 259/969/241 258/968/241 246/967/241
f 248/974/242 260/973/242 259/972/242 247/971/242
f 249/978/243 261/977/243 260/976/243 248/975/243
f 250/982/244 262/981/244 261/980/244 249/979/244
f 251/986/245 263/985/245 262/984/245 250/983/245
f 252/990/246 264/989/246 263/988/246 251/987/246
f 253/994/247 265/993/247 264/992/247 252/991/247
f 254/998/248 266/997/248 265/996/248 253/995/248
f 255/1002/249 267/1001/249 266/1000/249 254/999/249
f 256/1006/250 268/1005/250 267/1004/250 255/1003/250
f 245/1010/251 257/1009/251 268/1008/251 256/1007/251
f 258/1014/252 270/1013/252 269/1012/252 257/1011/252
f 259/1018/253 271/1017/253 270/1016/253 258/1015/253
f 260/1022/254 272/1021/254 271/1020/254 259/1019/254
f 261/1026/255 273/1025/255 272/1024/255 260/1023/255
f 262/1030/256 274/1029/256 273/1028/256 261/1027/256
f 263/1034/257 275/1033/257 274/1032/257 262/1031/257
f 264/1038/258 276/1037/258 275/1036/258 263/1035/258
f 265/1042/259 277/1041/259 276/1040/259 264/1039/259
f 266/1046/260 278/1045/260 277/1044/260 265/1043/260
f 267/1050/261 279/1049/261 278/1048/261 266/1047/261
f 268/1054/262 280/1053/262 279/1052/262 267/1051/262
f 257/1058/263 269/1057/263 280/1056/263 268/1055/263
f 270/1062/264 282/1061/264 281/1060/264 269/1059/264
f 271/1066/265 283/1065/265 282/1064/265 270/1063/265
f 272/1070/266 284/1069/266 283/1068/266 271/1067/266
f 273/1074/267 285/1073/267 284/1072/267 272/1071/267
f 274/1078/268 286/1077/268 285/1076/268 273/1075/268
f 275/1082/269 287/1081/269 286/1080/269 274/1079/269
f 276/1086/270 288/1085/270 287/1084/270 275/1083/270
f 277/1090/271 289/1089/271 288/1088/271 276/1087/271
f 278/1094/272 290/1093/272 289/1092/272 277/1091/272
f 279/1098/273 291/1097/273 290/1096/273 278/1095/273
f 280/1102/274 292/1101/274 291/1100/274 279/1099/274
f 269/1106/275 281/1105/275 292/1104/275 280/1103/275
f 282/1110/276 294/1109/276 293/1108/276 281/1107/276
f 283/1114/277 295/1113/277 294/1112/277 282/1111/277
f 284/1118/278 296/1117/278 295/1116/278 283/1115/278
f 285/1122/279 297/1121/279 296/1120/279 284/1119/279
f 286/1126/280 298/1125/280 297/1124/280 285/1123/280
f 287/1130/281 299/1129/281 298/1128/281 286/1127/281
f 288/1134/282 300/1133/282 299/1132/282 287/1131/282
f 289/1138/283 301/1137/283 300/1136/283 288/1135/283
f 290/1142/284 302/1141/284 301/1140/284 289/1139/284
f 291/1146/285 303/1145/285 302/1144/285 290/1143/285
f 292/1150/286 304/1149/286 303/1148/286 291/1147/286
f 281/1154/287 293/1153/287 304/1152/287 292/1151/287
f 294/1158/288 306/1157/288 305/1156/288 293/1155/288
f 295/1162/289 307/1161/289 306/1160/289 294/1159/289
f 296/1166/290 308/1165/290 307/1164/290 295/1163/290
f 297/1170/291 309/1169/291 308/1168/291 296/1167/291
f 298/1174/292 310/1173/292 309/1172/292 297/1171/292
f 299/1178/293 311/1177/293 310/1176/293 298/1175/293
f 300/1182/294 312/1181/294 311/1180/294 299/1179/294
f 301/1186/295 313/1185/295 312/1184/295 300/1183/295
f 302/1190/296 314/1189/296 313/1188/296 301/1187/296
f 303/1194/297 315/1193/297 314/1192/297 302/1191/297
f 304/1198/298 316/1197/298 315/1196/298 303/1195/298
f 293/1202/299 305/1201/299 316/1200/299 304/1199/299
f 306/1206/300 318/1205/300 317/1204/300 305/1203/300
f 307/1210/301 319/1209/301 318/1208/301 306/1207/301
f 308/1214/302 320/1213/302 319/1212/302 307/1211/302
f 309/1218/303 321/1217/303 320/1216/303 308/1215/303
f 310/1222/304 322/1221/304 321/1220/304 309/1219/304
f 311/1226/305 323/1225/305 322/1224/305 310/1223/305
f 312/1230/306 324/1229/306 323/1228/306 311/1227/306
f 313/1234/307 325/1233/307 324/1232/307 312/1231/307
f 314/1238/308 326/1237/308 325/1236/308 313/1235/308
f 315/1242/309 327/1241/309 326/1240/309 314/1239/309
f 316/1246/310 328/1245/310 327/1244/310 315/1243/310
f 305/1250/311 317/1249/311 328/1248/311 316/1247/311
f 318/1254/312 188/1253/312 185/1252/312 317/1251/312
f 319/1258/313 190/1257/313 188/1256/313 318/1255/313
f 320/1262/314 192/1261/314 190/1260/314 319/1259/314
f 321/1266/315 194/1265/315 192/1264/315 320/1263/315
f 322/1270/316 196/1269/316 194/1268/316 321/1267/316
f 323/1274/317 198/1273/317 196/1272/317 322/1271/317
f 324/1278/318 200/1277/318 198/1276/318 323/1275/318
f 325/1282/319 202/1281/319 200/1280/319 324/1279/319
f 326/1286/320 204/1285/320 202/1284/320 325/1283/320
f 327/1290/321 206/1289/321 204/1288/321 326/1287/321
f 328/1294/322 208/1293/322 206/1292/322 327/1291/322
f 317/1298/323 185/1297/323 208/1296/323 328/1295/323
usemtl mat21
f 332/1302/324 331/1301/324 330/1300/324 329/1299/324
f 331/1306/325 334/1305/325 333/1304/325 330/1303/325
f 334/1310/326 336/1309/326 335/1308/326 333/1307/326
f 336/1314/327 338/1313/327 337/1312/327 335/1311/327
f 338/1318/328 340/1317/328 339/1316/328 337/1315/328
f 340/1322/329 342/1321/329 341/1320/329 339/1319/329
f 342/1326/330 344/1325/330 343/1324/330 341/1323/330
f 344/1330/331 346/1329/331 345/1328/331 343/1327/331
f 346/1334/332 348/1333/332 347/1332/332 345/1331/332
f 348/1338/333 350/1337/333 349/1336/333 347/1335/333
f 350/1342/334 352/1341/334 351/1340/334 349/1339/334
f 352/1346/335 332/1345/335 329/1344/335 351/1343/335
f 329/1358/336 330/1357/336 333/1356/336 335/1355/336 337/1354/336 339/1353/336 341/1352/336 343/1351/336 345/1350/336 347/1349/336 349/1348/336 351/1347/336
f 352/1370/337 350/1369/337 348/1368/337 346/1367/337 344/1366/337 342/1365/337 340/1364/337 338/1363/337 336/1362/337 334/1361/337 331/1360/337 332/1359/337
o group1223015023
g mesh1223015023
usemtl mat5
f 379/1445/352 378/1444/352 377/1443/352
f 383/1449/353 382/1448/353 381/1447/353 380/1446/353
f 387/1453/354 386/1452/354 385/1451/354 384/1450/354
f 386/1457/355 389/1456/355 388/1455/355 385/1454/355
f 389/1461/356 391/1460/356 390/1459/356 388/1458/356
f 391/1465/357 393/1464/357 392/1463/357 390/1462/357
f 393/1469/358 395/1468/358 394/1467/358 392/1466/358
f 395/1473/359 397/1472/359 396/1471/359 394/1470/359
f 397/1477/360 399/1476/360 398/1475/360 396/1474/360
f 399/1481/361 401/1480/361 400/1479/361 398/1478/361
f 400/1493/362 377/1492/362 380/1491/362 381/1490/362 384/1489/362 385/1488/362 388/1487/362 390/1486/362 392/1485/362 394/1484/362 396/1483/362 398/1482/362
f 401/1505/363 399/1504/363 397/1503/363 395/1502/363 393/1501/363 391/1500/363 389/1499/363 386/1498/363 387/1497/363 382/1496/363 383/1495/363 402/1494/363
f 401/1509/364 402/1508/364 377/1507/364 400/1506/364
f 382/1513/365 387/1512/365 384/1511/365 381/1510/365
f 404/1517/366 403/1516/366 383/1515/366 380/1514/366
f 403/1520/367 405/1519/367 383/1518/367
f 406/1524/368 379/1523/368 377/1522/368 402/1521/368
f 409/1528/369 408/1527/369 378/1526/369 407/1525/369
f 412/1532/370 405/1531/370 411/1530/370 410/1529/370
f 412/1535/371 408/1534/371 402/1533/371
f 412/1538/372 402/1537/372 383/1536/372
f 413/1541/373 380/1540/373 377/1539/373
f 413/1546/374 414/1545/374 410/1544/374 411/1543/374 380/1542/374
f 405/1550/375 416/1549/375 415/1548/375 411/1547/375
f 408/1555/376 412/1554/376 410/1553/376 414/1552/376 378/1551/376
f 411/1558/377 404/1557/377 380/1556/377
f 408/1561/378 406/1560/378 402/1559/378
f 405/1564/379 412/1563/379 383/1562/379
f 378/1568/380 414/1567/380 413/1566/380 377/1565/380
f 404/1572/381 415/1571/381 416/1570/381 403/1569/381
f 406/1576/382 409/1575/382 407/1574/382 379/1573/382
f 379/1579/383 407/1578/383 378/1577/383
f 411/1582/384 415/1581/384 404/1580/384
f 408/1585/385 409/1584/385 406/1583/385
f 403/1588/386 416/1587/386 405/1586/386
usemtl mat15
f 420/1592/387 419/1591/387 418/1590/387 417/1589/387
f 422/1596/388 421/1595/388 419/1594/388 420/1593/388
f 424/1600/389 423/1599/389 421/1598/389 422/1597/389
f 426/1604/390 425/1603/390 423/1602/390 424/1601/390
f 428/1608/391 427/1607/391 425/1606/391 426/1605/391
f 430/1612/392 429/1611/392 427/1610/392 428/1609/392
f 432/1616/393 431/1615/393 429/1614/393 430/1613/393
f 434/1620/394 433/1619/394 431/1618/394 432/1617/394
f 436/1624/395 435/1623/395 433/1622/395 434/1621/395
f 438/1628/396 437/1627/396 435/1626/396 436/1625/396
f 440/1632/397 439/1631/397 437/1630/397 438/1629/397
f 417/1636/398 418/1635/398 439/1634/398 440/1633/398
f 419/1640/399 442/1639/399 441/1638/399 418/1637/399
f 421/1644/400 443/1643/400 442/1642/400 419/1641/400
f 423/1648/401 444/1647/401 443/1646/401 421/1645/401
f 425/1652/402 445/1651/402 444/1650/402 423/1649/402
f 427/1656/403 446/1655/403 445/1654/403 425/1653/403
f 429/1660/404 447/1659/404 446/1658/404 427/1657/404
f 431/1664/405 448/1663/405 447/1662/405 429/1661/405
f 433/1668/406 449/1667/406 448/1666/406 431/1665/406
f 435/1672/407 450/1671/407 449/1670/407 433/1669/407
f 437/1676/408 451/1675/408 450/1674/408 435/1673/408
f 439/1680/409 452/1679/409 451/1678/409 437/1677/409
f 418/1684/410 441/1683/410 452/1682/410 439/1681/410
f 442/1688/411 454/1687/411 453/1686/411 441/1685/411
f 443/1692/412 455/1691/412 454/1690/412 442/1689/412
f 444/1696/413 456/1695/413 455/1694/413 443/1693/413
f 445/1700/414 457/1699/414 456/1698/414 444/1697/414
f 446/1704/415 458/1703/415 457/1702/415 445/1701/415
f 447/1708/416 459/1707/416 458/1706/416 446/1705/416
f 448/1712/417 460/1711/417 459/1710/417 447/1709/417
f 449/1716/418 461/1715/418 460/1714/418 448/1713/418
f 450/1720/419 462/1719/419 461/1718/419 449/1717/419
f 451/1724/420 463/1723/420 462/1722/420 450/1721/420
f 452/1728/421 464/1727/421 463/1726/421 451/1725/421
f 441/1732/422 453/1731/422 464/1730/422 452/1729/422
f 454/1736/423 466/1735/423 465/1734/423 453/1733/423
f 455/1740/424 467/1739/424 466/1738/424 454/1737/424
f 456/1744/425 468/1743/425 467/1742/425 455/1741/425
f 457/1748/426 469/1747/426 468/1746/426 456/1745/426
f 458/1752/427 470/1751/427 469/1750/427 457/1749/427
f 459/1756/428 471/1755/428 470/1754/428 458/1753/428
f 460/1760/429 472/1759/429 471/1758/429 459/1757/429
f 461/1764/430 473/1763/430 472/1762/430 460/1761/430
f 462/1768/431 474/1767/431 473/1766/431 461/1765/431
f 463/1772/432 475/1771/432 474/1770/432 462/1769/432
f 464/1776/433 476/1775/433 475/1774/433 463/1773/433
f 453/1780/434 465/1779/434 476/1778/434 464/1777/434
f 466/1784/435 478/1783/435 477/1782/435 465/1781/435
f 467/1788/436 479/1787/436 478/1786/436 466/1785/436
f 468/1792/437 480/1791/437 479/1790/437 467/1789/437
f 469/1796/438 481/1795/438 480/1794/438 468/1793/438
f 470/1800/439 482/1799/439 481/1798/439 469/1797/439
f 471/1804/440 483/1803/440 482/1802/440 470/1801/440
f 472/1808/441 484/1807/441 483/1806/441 471/1805/441
f 473/1812/442 485/1811/442 484/1810/442 472/1809/442
f 474/1816/443 486/1815/443 485/1814/443 473/1813/443
f 475/1820/444 487/1819/444 486/1818/444 474/1817/444
f 476/1824/445 488/1823/445 487/1822/445 475/1821/445
f 465/1828/446 477/1827/446 488/1826/446 476/1825/446
f 478/1832/447 490/1831/447 489/1830/447 477/1829/447
f 479/1836/448 491/1835/448 490/1834/448 478/1833/448
f 480/1840/449 492/1839/449 491/1838/449 479/1837/449
f 481/1844/450 493/1843/450 492/1842/450 480/1841/450
f 482/1848/451 494/1847/451 493/1846/451 481/1845/451
f 483/1852/452 495/1851/452 494/1850/452 482/1849/452
f 484/1856/453 496/1855/453 495/1854/453 483/1853/453
f 485/1860/454 497/1859/454 496/1858/454 484/1857/454
f 486/1864/455 498/1863/455 497/1862/455 485/1861/455
f 487/1868/456 499/1867/456 498/1866/456 486/1865/456
f 488/1872/457 500/1871/457 499/1870/457 487/1869/457
f 477/1876/458 489/1875/458 500/1874/458 488/1873/458
f 490/1880/459 502/1879/459 501/1878/459 489/1877/459
f 491/1884/460 503/1883/460 502/1882/460 490/1881/460
f 492/1888/461 504/1887/461 503/1886/461 491/1885/461
f 493/1892/462 505/1891/462 504/1890/462 492/1889/462
f 494/1896/463 506/1895/463 505/1894/463 493/1893/463
f 495/1900/464 507/1899/464 506/1898/464 494/1897/464
f 496/1904/465 508/1903/465 507/1902/465 495/1901/465
f 497/1908/466 509/1907/466 508/1906/466 496/1905/466
f 498/1912/467 510/1911/467 509/1910/467 497/1909/467
f 499/1916/468 511/1915/468 510/1914/468 498/1913/468
f 500/1920/469 512/1919/469 511/1918/469 499/1917/469
f 489/1924/470 501/1923/470 512/1922/470 500/1921/470
f 502/1928/471 514/1927/471 513/1926/471 501/1925/471
f 503/1932/472 515/1931/472 514/1930/472 502/1929/472
f 504/1936/473 516/1935/473 515/1934/473 503/1933/473
f 505/1940/474 517/1939/474 516/1938/474 504/1937/474
f 506/1944/475 518/1943/475 517/1942/475 505/1941/475
f 507/1948/476 519/1947/476 518/1946/476 506/1945/476
f 508/1952/477 520/1951/477 519/1950/477 507/1949/477
f 509/1956/478 521/1955/478 520/1954/478 508/1953/478
f 510/1960/479 522/1959/479 521/1958/479 509/1957/479
f 511/1964/480 523/1963/480 522/1962/480 510/1961/480
f 512/1968/481 524/1967/481 523/1966/481 511/1965/481
f 501/1972/482 513/1971/482 524/1970/482 512/1969/482
f 514/1976/483 526/1975/483 525/1974/483 513/1973/483
f 515/1980/484 527/1979/484 526/1978/484 514/1977/484
f 516/1984/485 528/1983/485 527/1982/485 515/1981/485
f 517/1988/486 529/1987/486 528/1986/486 516/1985/486
f 518/1992/487 530/1991/487 529/1990/487 517/1989/487
f 519/1996/488 531/1995/488 530/1994/488 518/1993/488
f 520/2000/489 532/1999/489 531/1998/489 519/1997/489
f 521/2004/490 533/2003/490 532/2002/490 520/2001/490
f 522/2008/491 534/2007/491 533/2006/491 521/2005/491
f 523/2012/492 535/2011/492 534/2010/492 522/2009/492
f 524/2016/493 536/2015/493 535/2014/493 523/2013/493
f 513/2020/494 525/2019/494 536/2018/494 524/2017/494
f 526/2024/495 538/2023/495 537/2022/495 525/2021/495
f 527/2028/496 539/2027/496 538/2026/496 526/2025/496
f 528/2032/497 540/2031/497 539/2030/497 527/2029/497
f 529/2036/498 541/2035/498 540/2034/498 528/2033/498
f 530/2040/499 542/2039/499 541/2038/499 529/2037/499
f 531/2044/500 543/2043/500 542/2042/500 530/2041/500
f 532/2048/501 544/2047/501 543/2046/501 531/2045/501
f 533/2052/502 545/2051/502 544/2050/502 532/2049/502
f 534/2056/503 546/2055/503 545/2054/503 533/2053/503
f 535/2060/504 547/2059/504 546/2058/504 534/2057/504
f 536/2064/505 548/2063/505 547/2062/505 535/2061/505
f 525/2068/506 537/2067/506 548/2066/506 536/2065/506
f 538/2072/507 550/2071/507 549/2070/507 537/2069/507
f 539/2076/508 551/2075/508 550/2074/508 538/2073/508
f 540/2080/509 552/2079/509 551/2078/509 539/2077/509
f 541/2084/510 553/2083/510 552/2082/510 540/2081/510
f 542/2088/511 554/2087/511 553/2086/511 541/2085/511
f 543/2092/512 555/2091/512 554/2090/512 542/2089/512
f 544/2096/513 556/2095/513 555/2094/513 543/2093/513
f 545/2100/514 557/2099/514 556/2098/514 544/2097/514
f 546/2104/515 558/2103/515 557/2102/515 545/2101/515
f 547/2108/516 559/2107/516 558/2106/516 546/2105/516
f 548/2112/517 560/2111/517 559/2110/517 547/2109/517
f 537/2116/518 549/2115/518 560/2114/518 548/2113/518
f 550/2120/519 420/2119/519 417/2118/519 549/2117/519
f 551/2124/520 422/2123/520 420/2122/520 550/2121/520
f 552/2128/521 424/2127/521 422/2126/521 551/2125/521
f 553/2132/522 426/2131/522 424/2130/522 552/2129/522
f 554/2136/523 428/2135/523 426/2134/523 553/2133/523
f 555/2140/524 430/2139/524 428/2138/524 554/2137/524
f 556/2144/525 432/2143/525 430/2142/525 555/2141/525
f 557/2148/526 434/2147/526 432/2146/526 556/2145/526
f 558/2152/527 436/2151/527 434/2150/527 557/2149/527
f 559/2156/528 438/2155/528 436/2154/528 558/2153/528
f 560/2160/529 440/2159/529 438/2158/529 559/2157/529
f 549/2164/530 417/2163/530 440/2162/530 560/2161/530
usemtl mat25
f 564/2168/531 563/2167/531 562/2166/531 561/2165/531
f 566/2172/532 565/2171/532 563/2170/532 564/2169/532
f 568/2176/533 567/2175/533 565/2174/533 566/2173/533
f 570/2180/534 569/2179/534 567/2178/534 568/2177/534
f 572/2184/535 571/2183/535 569/2182/535 570/2181/535
f 574/2188/536 573/2187/536 571/2186/536 572/2185/536
f 576/2192/537 575/2191/537 573/2190/537 574/2189/537
f 578/2196/538 577/2195/538 575/2194/538 576/2193/538
f 580/2200/539 579/2199/539 577/2198/539 578/2197/539
f 582/2204/540 581/2203/540 579/2202/540 580/2201/540
f 584/2208/541 583/2207/541 581/2206/541 582/2205/541
f 561/2212/542 562/2211/542 583/2210/542 584/2209/542
f 563/2216/543 586/2215/543 585/2214/543 562/2213/543
f 565/2220/544 587/2219/544 586/2218/544 563/2217/544
f 567/2224/545 588/2223/545 587/2222/545 565/2221/545
f 569/2228/546 589/2227/546 588/2226/546 567/2225/546
f 571/2232/547 590/2231/547 589/2230/547 569/2229/547
f 573/2236/548 591/2235/548 590/2234/548 571/2233/548
f 575/2240/549 592/2239/549 591/2238/549 573/2237/549
f 577/2244/550 593/2243/550 592/2242/550 575/2241/550
f 579/2248/551 594/2247/551 593/2246/551 577/2245/551
f 581/2252/552 595/2251/552 594/2250/552 579/2249/552
f 583/2256/553 596/2255/553 595/2254/553 581/2253/553
f 562/2260/554 585/2259/554 596/2258/554 583/2257/554
f 586/2264/555 598/2263/555 597/2262/555 585/2261/555
f 587/2268/556 599/2267/556 598/2266/556 586/2265/556
f 588/2272/557 600/2271/557 599/2270/557 587/2269/557
f 589/2276/558 601/2275/558 600/2274/558 588/2273/558
f 590/2280/559 602/2279/559 601/2278/559 589/2277/559
f 591/2284/560 603/2283/560 602/2282/560 590/2281/560
f 592/2288/561 604/2287/561 603/2286/561 591/2285/561
f 593/2292/562 605/2291/562 604/2290/562 592/2289/562
f 594/2296/563 606/2295/563 605/2294/563 593/2293/563
f 595/2300/564 607/2299/564 606/2298/564 594/2297/564
f 596/2304/565 608/2303/565 607/2302/565 595/2301/565
f 585/2308/566 597/2307/566 608/2306/566 596/2305/566
f 598/2312/567 610/2311/567 609/2310/567 597/2309/567
f 599/2316/568 611/2315/568 610/2314/568 598/2313/568
f 600/2320/569 612/2319/569 611/2318/569 599/2317/569
f 601/2324/570 613/2323/570 612/2322/570 600/2321/570
f 602/2328/571 614/2327/571 613/2326/571 601/2325/571
f 603/2332/572 615/2331/572 614/2330/572 602/2329/572
f 604/2336/573 616/2335/573 615/2334/573 603/2333/573
f 605/2340/574 617/2339/574 616/2338/574 604/2337/574
f 606/2344/575 618/2343/575 617/2342/575 605/2341/575
f 607/2348/576 619/2347/576 618/2346/576 606/2345/576
f 608/2352/577 620/2351/577 619/2350/577 607/2349/577
f 597/2356/578 609/2355/578 620/2354/578 608/2353/578
f 610/2360/579 622/2359/579 621/2358/579 609/2357/579
f 611/2364/580 623/2363/580 622/2362/580 610/2361/580
f 612/2368/581 624/2367/581 623/2366/581 611/2365/581
f 613/2372/582 625/2371/582 624/2370/582 612/2369/582
f 614/2376/583 626/2375/583 625/2374/583 613/2373/583
f 615/2380/584 627/2379/584 626/2378/584 614/2377/584
f 616/2384/585 628/2383/585 627/2382/585 615/2381/585
f 617/2388/586 629/2387/586 628/2386/586 616/2385/586
f 618/2392/587 630/2391/587 629/2390/587 617/2389/587
f 619/2396/588 631/2395/588 630/2394/588 618/2393/588
f 620/2400/589 632/2399/589 631/2398/589 619/2397/589
f 609/2404/590 621/2403/590 632/2402/590 620/2401/590
f 622/2408/591 634/2407/591 633/2406/591 621/2405/591
f 623/2412/592 635/2411/592 634/2410/592 622/2409/592
f 624/2416/593 636/2415/593 635/2414/593 623/2413/593
f 625/2420/594 637/2419/594 636/2418/594 624/2417/594
f 626/2424/595 638/2423/595 637/2422/595 625/2421/595
f 627/2428/596 639/2427/596 638/2426/596 626/2425/596
f 628/2432/597 640/2431/597 639/2430/597 627/2429/597
f 629/2436/598 641/2435/598 640/2434/598 628/2433/598
f 630/2440/599 642/2439/599 641/2438/599 629/2437/599
f 631/2444/600 643/2443/600 642/2442/600 630/2441/600
f 632/2448/601 644/2447/601 643/2446/601 631/2445/601
f 621/2452/602 633/2451/602 644/2450/602 632/2449/602
f 634/2456/603 646/2455/603 645/2454/603 633/2453/603
f 635/2460/604 647/2459/604 646/2458/604 634/2457/604
f 636/2464/605 648/2463/605 647/2462/605 635/2461/605
f 637/2468/606 649/2467/606 648/2466/606 636/2465/606
f 638/2472/607 650/2471/607 649/2470/607 637/2469/607
f 639/2476/608 651/2475/608 650/2474/608 638/2473/608
f 640/2480/609 652/2479/609 651/2478/609 639/2477/609
f 641/2484/610 653/2483/610 652/2482/610 640/2481/610
f 642/2488/611 654/2487/611 653/2486/611 641/2485/611
f 643/2492/612 655/2491/612 654/2490/612 642/2489/612
f 644/2496/613 656/2495/613 655/2494/613 643/2493/613
f 633/2500/614 645/2499/614 656/2498/614 644/2497/614
f 646/2504/615 658/2503/615 657/2502/615 645/2501/615
f 647/2508/616 659/2507/616 658/2506/616 646/2505/616
f 648/2512/617 660/2511/617 659/2510/617 647/2509/617
f 649/2516/618 661/2515/618 660/2514/618 648/2513/618
f 650/2520/619 662/2519/619 661/2518/619 649/2517/619
f 651/2524/620 663/2523/620 662/2522/620 650/2521/620
f 652/2528/621 664/2527/621 663/2526/621 651/2525/621
f 653/2532/622 665/2531/622 664/2530/622 652/2529/622
f 654/2536/623 666/2535/623 665/2534/623 653/2533/623
f 655/2540/624 667/2539/624 666/2538/624 654/2537/624
f 656/2544/625 668/2543/625 667/2542/625 655/2541/625
f 645/2548/626 657/2547/626 668/2546/626 656/2545/626
f 658/2552/627 670/2551/627 669/2550/627 657/2549/627
f 659/2556/628 671/2555/628 670/2554/628 658/2553/628
f 660/2560/629 672/2559/629 671/2558/629 659/2557/629
f 661/2564/630 673/2563/630 672/2562/630 660/2561/630
f 662/2568/631 674/2567/631 673/2566/631 661/2565/631
f 663/2572/632 675/2571/632 674/2570/632 662/2569/632
f 664/2576/633 676/2575/633 675/2574/633 663/2573/633
f 665/2580/634 677/2579/634 676/2578/634 664/2577/634
f 666/2584/635 678/2583/635 677/2582/635 665/2581/635
f 667/2588/636 679/2587/636 678/2586/636 666/2585/636
f 668/2592/637 680/2591/637 679/2590/637 667/2589/637
f 657/2596/638 669/2595/638 680/2594/638 668/2593/638
f 670/2600/639 682/2599/639 681/2598/639 669/2597/639
f 671/2604/640 683/2603/640 682/2602/640 670/2601/640
f 672/2608/641 684/2607/641 683/2606/641 671/2605/641
f 673/2612/642 685/2611/642 684/2610/642 672/2609/642
f 674/2616/643 686/2615/643 685/2614/643 673/2613/643
f 675/2620/644 687/2619/644 686/2618/644 674/2617/644
f 676/2624/645 688/2623/645 687/2622/645 675/2621/645
f 677/2628/646 689/2627/646 688/2626/646 676/2625/646
f 678/2632/647 690/2631/647 689/2630/647 677/2629/647
f 679/2636/648 691/2635/648 690/2634/648 678/2633/648
f 680/2640/649 692/2639/649 691/2638/649 679/2637/649
f 669/2644/650 681/2643/650 692/2642/650 680/2641/650
f 682/2648/651 694/2647/651 693/2646/651 681/2645/651
f 683/2652/652 695/2651/652 694/2650/652 682/2649/652
f 684/2656/653 696/2655/653 695/2654/653 683/2653/653
f 685/2660/654 697/2659/654 696/2658/654 684/2657/654
f 686/2664/655 698/2663/655 697/2662/655 685/2661/655
f 687/2668/656 699/2667/656 698/2666/656 686/2665/656
f 688/2672/657 700/2671/657 699/2670/657 687/2669/657
f 689/2676/658 701/2675/658 700/2674/658 688/2673/658
f 690/2680/659 702/2679/659 701/2678/659 689/2677/659
f 691/2684/660 703/2683/660 702/2682/660 690/2681/660
f 692/2688/661 704/2687/661 703/2686/661 691/2685/661
f 681/2692/662 693/2691/662 704/2690/662 692/2689/662
f 694/2696/663 564/2695/663 561/2694/663 693/2693/663
f 695/2700/664 566/2699/664 564/2698/664 694/2697/664
f 696/2704/665 568/2703/665 566/2702/665 695/2701/665
f 697/2708/666 570/2707/666 568/2706/666 696/2705/666
f 698/2712/667 572/2711/667 570/2710/667 697/2709/667
f 699/2716/668 574/2715/668 572/2714/668 698/2713/668
f 700/2720/669 576/2719/669 574/2718/669 699/2717/669
f 701/2724/670 578/2723/670 576/2722/670 700/2721/670
f 702/2728/671 580/2727/671 578/2726/671 701/2725/671
f 703/2732/672 582/2731/672 580/2730/672 702/2729/672
f 704/2736/673 584/2735/673 582/2734/673 703/2733/673
f 693/2740/674 561/2739/674 584/2738/674 704/2737/674
usemtl mat21
f 708/2744/675 707/2743/675 706/2742/675 705/2741/675
f 707/2748/676 710/2747/676 709/2746/676 706/2745/676
f 710/2752/677 712/2751/677 711/2750/677 709/2749/677
f 712/2756/678 714/2755/678 713/2754/678 711/2753/678
f 714/2760/679 716/2759/679 715/2758/679 713/2757/679
f 716/2764/680 718/2763/680 717/2762/680 715/2761/680
f 718/2768/681 720/2767/681 719/2766/681 717/2765/681
f 720/2772/682 722/2771/682 721/2770/682 719/2769/682
f 722/2776/683 724/2775/683 723/2774/683 721/2773/683
f 724/2780/684 726/2779/684 725/2778/684 723/2777/684
f 726/2784/685 728/2783/685 727/2782/685 725/2781/685
f 728/2788/686 708/2787/686 705/2786/686 727/2785/686
f 705/2800/687 706/2799/687 709/2798/687 711/2797/687 713/2796/687 715/2795/687 717/2794/687 719/2793/687 721/2792/687 723/2791/687 725/2790/687 727/2789/687
f 728/2812/688 726/2811/688 724/2810/688 722/2809/688 720/2808/688 718/2807/688 716/2806/688 714/2805/688 712/2804/688 710/2803/688 707/2802/688 708/2801/688
o group1876505053
g mesh1876505053
usemtl mat5
f 731/2815/689 730/2814/689 729/2813/689
f 735/2819/690 734/2818/690 733/2817/690 732/2816/690
f 739/2823/691 738/2822/691 737/2821/691 736/2820/691
f 738/2827/692 741/2826/692 740/2825/692 737/2824/692
f 741/2831/693 743/2830/693 742/2829/693 740/2828/693
f 743/2835/694 745/2834/694 744/2833/694 742/2832/694
f 745/2839/695 747/2838/695 746/2837/695 744/2836/695
f 747/2843/696 749/2842/696 748/2841/696 746/2840/696
f 749/2847/697 751/2846/697 750/2845/697 748/2844/697
f 751/2851/698 753/2850/698 752/2849/698 750/2848/698
f 752/2863/699 729/2862/699 732/2861/699 733/2860/699 736/2859/699 737/2858/699 740/2857/699 742/2856/699 744/2855/699 746/2854/699 748/2853/699 750/2852/699
f 753/2875/700 751/2874/700 749/2873/700 747/2872/700 745/2871/700 743/2870/700 741/2869/700 738/2868/700 739/2867/700 734/2866/700 735/2865/700 754/2864/700
f 753/2879/701 754/2878/701 729/2877/701 752/2876/701
f 734/2883/702 739/2882/702 736/2881/702 733/2880/702
f 756/2887/703 755/2886/703 735/2885/703 732/2884/703
f 755/2890/704 757/2889/704 735/2888/704
f 758/2894/705 731/2893/705 729/2892/705 754/2891/705
f 761/2898/706 760/2897/706 730/2896/706 759/2895/706
f 764/2902/707 757/2901/707 763/2900/707 762/2899/707
f 764/2905/708 760/2904/708 754/2903/708
f 764/2908/709 754/2907/709 735/2906/709
f 765/2911/710 732/2910/710 729/2909/710
f 765/2916/711 766/2915/711 762/2914/711 763/2913/711 732/2912/711
f 757/2920/712 768/2919/712 767/2918/712 763/2917/712
f 760/2925/713 764/2924/713 762/2923/713 766/2922/713 730/2921/713
f 763/2928/714 756/2927/714 732/2926/714
f 760/2931/715 758/2930/715 754/2929/715
f 757/2934/716 764/2933/716 735/2932/716
f 730/2938/717 766/2937/717 765/2936/717 729/2935/717
f 756/2942/718 767/2941/718 768/2940/718 755/2939/718
f 758/2946/719 761/2945/719 759/2944/719 731/2943/719
f 731/2949/720 759/2948/720 730/2947/720
f 763/2952/721 767/2951/721 756/2950/721
f 760/2955/722 761/2954/722 758/2953/722
f 755/2958/723 768/2957/723 757/2956/723
usemtl mat15
f 772/2962/724 771/2961/724 770/2960/724 769/2959/724
f 774/2966/725 773/2965/725 771/2964/725 772/2963/725
f 776/2970/726 775/2969/726 773/2968/726 774/2967/726
f 778/2974/727 777/2973/727 775/2972/727 776/2971/727
f 780/2978/728 779/2977/728 777/2976/728 778/2975/728
f 782/2982/729 781/2981/729 779/2980/729 780/2979/729
f 784/2986/730 783/2985/730 781/2984/730 782/2983/730
f 786/2990/731 785/2989/731 783/2988/731 784/2987/731
f 788/2994/732 787/2993/732 785/2992/732 786/2991/732
f 790/2998/733 789/2997/733 787/2996/733 788/2995/733
f 792/3002/734 791/3001/734 789/3000/734 790/2999/734
f 769/3006/735 770/3005/735 791/3004/735 792/3003/735
f 771/3010/736 794/3009/736 793/3008/736 770/3007/736
f 773/3014/737 795/3013/737 794/3012/737 771/3011/737
f 775/3018/738 796/3017/738 795/3016/738 773/3015/738
f 777/3022/739 797/3021/739 796/3020/739 775/3019/739
f 779/3026/740 798/3025/740 797/3024/740 777/3023/740
f 781/3030/741 799/3029/741 798/3028/741 779/3027/741
f 783/3034/742 800/3033/742 799/3032/742 781/3031/742
f 785/3038/743 801/3037/743 800/3036/743 783/3035/743
f 787/3042/744 802/3041/744 801/3040/744 785/3039/744
f 789/3046/745 803/3045/745 802/3044/745 787/3043/745
f 791/3050/746 804/3049/746 803/3048/746 789/3047/746
f 770/3054/747 793/3053/747 804/3052/747 791/3051/747
f 794/3058/748 806/3057/748 805/3056/748 793/3055/748
f 795/3062/749 807/3061/749 806/3060/749 794/3059/749
f 796/3066/750 808/3065/750 807/3064/750 795/3063/750
f 797/3070/751 809/3069/751 808/3068/751 796/3067/751
f 798/3074/752 810/3073/752 809/3072/752 797/3071/752
f 799/3078/753 811/3077/753 810/3076/753 798/3075/753
f 800/3082/754 812/3081/754 811/3080/754 799/3079/754
f 801/3086/755 813/3085/755 812/3084/755 800/3083/755
f 802/3090/756 814/3089/756 813/3088/756 801/3087/756
f 803/3094/757 815/3093/757 814/3092/757 802/3091/757
f 804/3098/758 816/3097/758 815/3096/758 803/3095/758
f 793/3102/759 805/3101/759 816/3100/759 804/3099/759
f 806/3106/760 818/3105/760 817/3104/760 805/3103/760
f 807/3110/761 819/3109/761 818/3108/761 806/3107/761
f 808/3114/762 820/3113/762 819/3112/762 807/3111/762
f 809/3118/763 821/3117/763 820/3116/763 808/3115/763
f 810/3122/764 822/3121/764 821/3120/764 809/3119/764
f 811/3126/765 823/3125/765 822/3124/765 810/3123/765
f 812/3130/766 824/3129/766 823/3128/766 811/3127/766
f 813/3134/767 825/3133/767 824/3132/767 812/3131/767
f 814/3138/768 826/3137/768 825/3136/768 813/3135/768
f 815/3142/769 827/3141/769 826/3140/769 814/3139/769
f 816/3146/770 828/3145/770 827/3144/770 815/3143/770
f 805/3150/771 817/3149/771 828/3148/771 816/3147/771
f 818/3154/772 830/3153/772 829/3152/772 817/3151/772
f 819/3158/773 831/3157/773 830/3156/773 818/3155/773
f 820/3162/774 832/3161/774 831/3160/774 819/3159/774
f 821/3166/775 833/3165/775 832/3164/775 820/3163/775
f 822/3170/776 834/3169/776 833/3168/776 821/3167/776
f 823/3174/777 835/3173/777 834/3172/777 822/3171/777
f 824/3178/778 836/3177/778 835/3176/778 823/3175/778
f 825/3182/779 837/3181/779 836/3180/779 824/3179/779
f 826/3186/780 838/3185/780 837/3184/780 825/3183/780
f 827/3190/781 839/3189/781 838/3188/781 826/3187/781
f 828/3194/782 840/3193/782 839/3192/782 827/3191/782
f 817/3198/783 829/3197/783 840/3196/783 828/3195/783
f 830/3202/784 842/3201/784 841/3200/784 829/3199/784
f 831/3206/785 843/3205/785 842/3204/785 830/3203/785
f 832/3210/786 844/3209/786 843/3208/786 831/3207/786
f 833/3214/787 845/3213/787 844/3212/787 832/3211/787
f 834/3218/788 846/3217/788 845/3216/788 833/3215/788
f 835/3222/789 847/3221/789 846/3220/789 834/3219/789
f 836/3226/790 848/3225/790 847/3224/790 835/3223/790
f 837/3230/791 849/3229/791 848/3228/791 836/3227/791
f 838/3234/792 850/3233/792 849/3232/792 837/3231/792
f 839/3238/793 851/3237/793 850/3236/793 838/3235/793
f 840/3242/794 852/3241/794 851/3240/794 839/3239/794
f 829/3246/795 841/3245/795 852/3244/795 840/3243/795
f 842/3250/796 854/3249/796 853/3248/796 841/3247/796
f 843/3254/797 855/3253/797 854/3252/797 842/3251/797
f 844/3258/798 856/3257/798 855/3256/798 843/3255/798
f 845/3262/799 857/3261/799 856/3260/799 844/3259/799
f 846/3266/800 858/3265/800 857/3264/800 845/3263/800
f 847/3270/801 859/3269/801 858/3268/801 846/3267/801
f 848/3274/802 860/3273/802 859/3272/802 847/3271/802
f 849/3278/803 861/3277/803 860/3276/803 848/3275/803
f 850/3282/804 862/3281/804 861/3280/804 849/3279/804
f 851/3286/805 863/3285/805 862/3284/805 850/3283/805
f 852/3290/806 864/3289/806 863/3288/806 851/3287/806
f 841/3294/807 853/3293/807 864/3292/807 852/3291/807
f 854/3298/808 866/3297/808 865/3296/808 853/3295/808
f 855/3302/809 867/3301/809 866/3300/809 854/3299/809
f 856/3306/810 868/3305/810 867/3304/810 855/3303/810
f 857/3310/811 869/3309/811 868/3308/811 856/3307/811
f 858/3314/812 870/3313/812 869/3312/812 857/3311/812
f 859/3318/813 871/3317/813 870/3316/813 858/3315/813
f 860/3322/814 872/3321/814 871/3320/814 859/3319/814
f 861/3326/815 873/3325/815 872/3324/815 860/3323/815
f 862/3330/816 874/3329/816 873/3328/816 861/3327/816
f 863/3334/817 875/3333/817 874/3332/817 862/3331/817
f 864/3338/818 876/3337/818 875/3336/818 863/3335/818
f 853/3342/819 865/3341/819 876/3340/819 864/3339/819
f 866/3346/820 878/3345/820 877/3344/820 865/3343/820
f 867/3350/821 879/3349/821 878/3348/821 866/3347/821
f 868/3354/822 880/3353/822 879/3352/822 867/3351/822
f 869/3358/823 881/3357/823 880/3356/823 868/3355/823
f 870/3362/824 882/3361/824 881/3360/824 869/3359/824
f 871/3366/825 883/3365/825 882/3364/825 870/3363/825
f 872/3370/826 884/3369/826 883/3368/826 871/3367/826
f 873/3374/827 885/3373/827 884/3372/827 872/3371/827
f 874/3378/828 886/3377/828 885/3376/828 873/3375/828
f 875/3382/829 887/3381/829 886/3380/829 874/3379/829
f 876/3386/830 888/3385/830 887/3384/830 875/3383/830
f 865/3390/831 877/3389/831 888/3388/831 876/3387/831
f 878/3394/832 890/3393/832 889/3392/832 877/3391/832
f 879/3398/833 891/3397/833 890/3396/833 878/3395/833
f 880/3402/834 892/3401/834 891/3400/834 879/3399/834
f 881/3406/835 893/3405/835 892/3404/835 880/3403/835
f 882/3410/836 894/3409/836 893/3408/836 881/3407/836
f 883/3414/837 895/3413/837 894/3412/837 882/3411/837
f 884/3418/838 896/3417/838 895/3416/838 883/3415/838
f 885/3422/839 897/3421/839 896/3420/839 884/3419/839
f 886/3426/840 898/3425/840 897/3424/840 885/3423/840
f 887/3430/841 899/3429/841 898/3428/841 886/3427/841
f 888/3434/842 900/3433/842 899/3432/842 887/3431/842
f 877/3438/843 889/3437/843 900/3436/843 888/3435/843
f 890/3442/844 902/3441/844 901/3440/844 889/3439/844
f 891/3446/845 903/3445/845 902/3444/845 890/3443/845
f 892/3450/846 904/3449/846 903/3448/846 891/3447/846
f 893/3454/847 905/3453/847 904/3452/847 892/3451/847
f 894/3458/848 906/3457/848 905/3456/848 893/3455/848
f 895/3462/849 907/3461/849 906/3460/849 894/3459/849
f 896/3466/850 908/3465/850 907/3464/850 895/3463/850
f 897/3470/851 909/3469/851 908/3468/851 896/3467/851
f 898/3474/852 910/3473/852 909/3472/852 897/3471/852
f 899/3478/853 911/3477/853 910/3476/853 898/3475/853
f 900/3482/854 912/3481/854 911/3480/854 899/3479/854
f 889/3486/855 901/3485/855 912/3484/855 900/3483/855
f 902/3490/856 772/3489/856 769/3488/856 901/3487/856
f 903/3494/857 774/3493/857 772/3492/857 902/3491/857
f 904/3498/858 776/3497/858 774/3496/858 903/3495/858
f 905/3502/859 778/3501/859 776/3500/859 904/3499/859
f 906/3506/860 780/3505/860 778/3504/860 905/3503/860
f 907/3510/861 782/3509/861 780/3508/861 906/3507/861
f 908/3514/862 784/3513/862 782/3512/862 907/3511/862
f 909/3518/863 786/3517/863 784/3516/863 908/3515/863
f 910/3522/864 788/3521/864 786/3520/864 909/3519/864
f 911/3526/865 790/3525/865 788/3524/865 910/3523/865
f 912/3530/866 792/3529/866 790/3528/866 911/3527/866
f 901/3534/867 769/3533/867 792/3532/867 912/3531/867
usemtl mat25
f 916/3538/868 915/3537/868 914/3536/868 913/3535/868
f 918/3542/869 917/3541/869 915/3540/869 916/3539/869
f 920/3546/870 919/3545/870 917/3544/870 918/3543/870
f 922/3550/871 921/3549/871 919/3548/871 920/3547/871
f 924/3554/872 923/3553/872 921/3552/872 922/3551/872
f 926/3558/873 925/3557/873 923/3556/873 924/3555/873
f 928/3562/874 927/3561/874 925/3560/874 926/3559/874
f 930/3566/875 929/3565/875 927/3564/875 928/3563/875
f 932/3570/876 931/3569/876 929/3568/876 930/3567/876
f 934/3574/877 933/3573/877 931/3572/877 932/3571/877
f 936/3578/878 935/3577/878 933/3576/878 934/3575/878
f 913/3582/879 914/3581/879 935/3580/879 936/3579/879
f 915/3586/880 938/3585/880 937/3584/880 914/3583/880
f 917/3590/881 939/3589/881 938/3588/881 915/3587/881
f 919/3594/882 940/3593/882 939/3592/882 917/3591/882
f 921/3598/883 941/3597/883 940/3596/883 919/3595/883
f 923/3602/884 942/3601/884 941/3600/884 921/3599/884
f 925/3606/885 943/3605/885 942/3604/885 923/3603/885
f 927/3610/886 944/3609/886 943/3608/886 925/3607/886
f 929/3614/887 945/3613/887 944/3612/887 927/3611/887
f 931/3618/888 946/3617/888 945/3616/888 929/3615/888
f 933/3622/889 947/3621/889 946/3620/889 931/3619/889
f 935/3626/890 948/3625/890 947/3624/890 933/3623/890
f 914/3630/891 937/3629/891 948/3628/891 935/3627/891
f 938/3634/892 950/3633/892 949/3632/892 937/3631/892
f 939/3638/893 951/3637/893 950/3636/893 938/3635/893
f 940/3642/894 952/3641/894 951/3640/894 939/3639/894
f 941/3646/895 953/3645/895 952/3644/895 940/3643/895
f 942/3650/896 954/3649/896 953/3648/896 941/3647/896
f 943/3654/897 955/3653/897 954/3652/897 942/3651/897
f 944/3658/898 956/3657/898 955/3656/898 943/3655/898
f 945/3662/899 957/3661/899 956/3660/899 944/3659/899
f 946/3666/900 958/3665/900 957/3664/900 945/3663/900
f 947/3670/901 959/3669/901 958/3668/901 946/3667/901
f 948/3674/902 960/3673/902 959/3672/902 947/3671/902
f 937/3678/903 949/3677/903 960/3676/903 948/3675/903
f 950/3682/904 962/3681/904 961/3680/904 949/3679/904
f 951/3686/905 963/3685/905 962/3684/905 950/3683/905
f 952/3690/906 964/3689/906 963/3688/906 951/3687/906
f 953/3694/907 965/3693/907 964/3692/907 952/3691/907
f 954/3698/908 966/3697/908 965/3696/908 953/3695/908
f 955/3702/909 967/3701/909 966/3700/909 954/3699/909
f 956/3706/910 968/3705/910 967/3704/910 955/3703/910
f 957/3710/911 969/3709/911 968/3708/911 956/3707/911
f 958/3714/912 970/3713/912 969/3712/912 957/3711/912
f 959/3718/913 971/3717/913 970/3716/913 958/3715/913
f 960/3722/914 972/3721/914 971/3720/914 959/3719/914
f 949/3726/915 961/3725/915 972/3724/915 960/3723/915
f 962/3730/916 974/3729/916 973/3728/916 961/3727/916
f 963/3734/917 975/3733/917 974/3732/917 962/3731/917
f 964/3738/918 976/3737/918 975/3736/918 963/3735/918
f 965/3742/919 977/3741/919 976/3740/919 964/3739/919
f 966/3746/920 978/3745/920 977/3744/920 965/3743/920
f 967/3750/921 979/3749/921 978/3748/921 966/3747/921
f 968/3754/922 980/3753/922 979/3752/922 967/3751/922
f 969/3758/923 981/3757/923 980/3756/923 968/3755/923
f 970/3762/924 982/3761/924 981/3760/924 969/3759/924
f 971/3766/925 983/3765/925 982/3764/925 970/3763/925
f 972/3770/926 984/3769/926 983/3768/926 971/3767/926
f 961/3774/927 973/3773/927 984/3772/927 972/3771/927
f 974/3778/928 986/3777/928 985/3776/928 973/3775/928
f 975/3782/929 987/3781/929 986/3780/929 974/3779/929
f 976/3786/930 988/3785/930 987/3784/930 975/3783/930
f 977/3790/931 989/3789/931 988/3788/931 976/3787/931
f 978/3794/932 990/3793/932 989/3792/932 977/3791/932
f 979/3798/933 991/3797/933 990/3796/933 978/3795/933
f 980/3802/934 992/3801/934 991/3800/934 979/3799/934
f 981/3806/935 993/3805/935 992/3804/935 980/3803/935
f 982/3810/936 994/3809/936 993/3808/936 981/3807/936
f 983/3814/937 995/3813/937 994/3812/937 982/3811/937
f 984/3818/938 996/3817/938 995/3816/938 983/3815/938
f 973/3822/939 985/3821/939 996/3820/939 984/3819/939
f 986/3826/940 998/3825/940 997/3824/940 985/3823/940
f 987/3830/941 999/3829/941 998/3828/941 986/3827/941
f 988/3834/942 1000/3833/942 999/3832/942 987/3831/942
f 989/3838/943 1001/3837/943 1000/3836/943 988/3835/943
f 990/3842/944 1002/3841/944 1001/3840/944 989/3839/944
f 991/3846/945 1003/3845/945 1002/3844/945 990/3843/945
f 992/3850/946 1004/3849/946 1003/3848/946 991/3847/946
f 993/3854/947 1005/3853/947 1004/3852/947 992/3851/947
f 994/3858/948 1006/3857/948 1005/3856/948 993/3855/948
f 995/3862/949 1007/3861/949 1006/3860/949 994/3859/949
f 996/3866/950 1008/3865/950 1007/3864/950 995/3863/950
f 985/3870/951 997/3869/951 1008/3868/951 996/3867/951
f 998/3874/952 1010/3873/952 1009/3872/952 997/3871/952
f 999/3878/953 1011/3877/953 1010/3876/953 998/3875/953
f 1000/3882/954 1012/3881/954 1011/3880/954 999/3879/954
f 1001/3886/955 1013/3885/955 1012/3884/955 1000/3883/955
f 1002/3890/956 1014/3889/956 1013/3888/956 1001/3887/956
f 1003/3894/957 1015/3893/957 1014/3892/957 1002/3891/957
f 1004/3898/958 1016/3897/958 1015/3896/958 1003/3895/958
f 1005/3902/959 1017/3901/959 1016/3900/959 1004/3899/959
f 1006/3906/960 1018/3905/960 1017/3904/960 1005/3903/960
f 1007/3910/961 1019/3909/961 1018/3908/961 1006/3907/961
f 1008/3914/962 1020/3913/962 1019/3912/962 1007/3911/962
f 997/3918/963 1009/3917/963 1020/3916/963 1008/3915/963
f 1010/3922/964 1022/3921/964 1021/3920/964 1009/3919/964
f 1011/3926/965 1023/3925/965 1022/3924/965 1010/3923/965
f 1012/3930/966 1024/3929/966 1023/3928/966 1011/3927/966
f 1013/3934/967 1025/3933/967 1024/3932/967 1012/3931/967
f 1014/3938/968 1026/3937/968 1025/3936/968 1013/3935/968
f 1015/3942/969 1027/3941/969 1026/3940/969 1014/3939/969
f 1016/3946/970 1028/3945/970 1027/3944/970 1015/3943/970
f 1017/3950/971 1029/3949/971 1028/3948/971 1016/3947/971
f 1018/3954/972 1030/3953/972 1029/3952/972 1017/3951/972
f 1019/3958/973 1031/3957/973 1030/3956/973 1018/3955/973
f 1020/3962/974 1032/3961/974 1031/3960/974 1019/3959/974
f 1009/3966/975 1021/3965/975 1032/3964/975 1020/3963/975
f 1022/3970/976 1034/3969/976 1033/3968/976 1021/3967/976
f 1023/3974/977 1035/3973/977 1034/3972/977 1022/3971/977
f 1024/3978/978 1036/3977/978 1035/3976/978 1023/3975/978
f 1025/3982/979 1037/3981/979 1036/3980/979 1024/3979/979
f 1026/3986/980 1038/3985/980 1037/3984/980 1025/3983/980
f 1027/3990/981 1039/3989/981 1038/3988/981 1026/3987/981
f 1028/3994/982 1040/3993/982 1039/3992/982 1027/3991/982
f 1029/3998/983 1041/3997/983 1040/3996/983 1028/3995/983
f 1030/4002/984 1042/4001/984 1041/4000/984 1029/3999/984
f 1031/4006/985 1043/4005/985 1042/4004/985 1030/4003/985
f 1032/4010/986 1044/4009/986 1043/4008/986 1031/4007/986
f 1021/4014/987 1033/4013/987 1044/4012/987 1032/4011/987
f 1034/4018/988 1046/4017/988 1045/4016/988 1033/4015/988
f 1035/4022/989 1047/4021/989 1046/4020/989 1034/4019/989
f 1036/4026/990 1048/4025/990 1047/4024/990 1035/4023/990
f 1037/4030/991 1049/4029/991 1048/4028/991 1036/4027/991
f 1038/4034/992 1050/4033/992 1049/4032/992 1037/4031/992
f 1039/4038/993 1051/4037/993 1050/4036/993 1038/4035/993
f 1040/4042/994 1052/4041/994 1051/4040/994 1039/4039/994
f 1041/4046/995 1053/4045/995 1052/4044/995 1040/4043/995
f 1042/4050/996 1054/4049/996 1053/4048/996 1041/4047/996
f 1043/4054/997 1055/4053/997 1054/4052/997 1042/4051/997
f 1044/4058/998 1056/4057/998 1055/4056/998 1043/4055/998
f 1033/4062/999 1045/4061/999 1056/4060/999 1044/4059/999
f 1046/4066/1000 916/4065/1000 913/4064/1000 1045/4063/1000
f 1047/4070/1001 918/4069/1001 916/4068/1001 1046/4067/1001
f 1048/4074/1002 920/4073/1002 918/4072/1002 1047/4071/1002
f 1049/4078/1003 922/4077/1003 920/4076/1003 1048/4075/1003
f 1050/4082/1004 924/4081/1004 922/4080/1004 1049/4079/1004
f 1051/4086/1005 926/4085/1005 924/4084/1005 1050/4083/1005
f 1052/4090/1006 928/4089/1006 926/4088/1006 1051/4087/1006
f 1053/4094/1007 930/4093/1007 928/4092/1007 1052/4091/1007
f 1054/4098/1008 932/4097/1008 930/4096/1008 1053/4095/1008
f 1055/4102/1009 934/4101/1009 932/4100/1009 1054/4099/1009
f 1056/4106/1010 936/4105/1010 934/4104/1010 1055/4103/1010
f 1045/4110/1011 913/4109/1011 936/4108/1011 1056/4107/1011
usemtl mat21
f 1060/4114/1012 1059/4113/1012 1058/4112/1012 1057/4111/1012
f 1059/4118/1013 1062/4117/1013 1061/4116/1013 1058/4115/1013
f 1062/4122/1014 1064/4121/1014 1063/4120/1014 1061/4119/1014
f 1064/4126/1015 1066/4125/1015 1065/4124/1015 1063/4123/1015
f 1066/4130/1016 1068/4129/1016 1067/4128/1016 1065/4127/1016
f 1068/4134/1017 1070/4133/1017 1069/4132/1017 1067/4131/1017
f 1070/4138/1018 1072/4137/1018 1071/4136/1018 1069/4135/1018
f 1072/4142/1019 1074/4141/1019 1073/4140/1019 1071/4139/1019
f 1074/4146/1020 1076/4145/1020 1075/4144/1020 1073/4143/1020
f 1076/4150/1021 1078/4149/1021 1077/4148/1021 1075/4147/1021
f 1078/4154/1022 1080/4153/1022 1079/4152/1022 1077/4151/1022
f 1080/4158/1023 1060/4157/1023 1057/4156/1023 1079/4155/1023
f 1057/4170/1024 1058/4169/1024 1061/4168/1024 1063/4167/1024 1065/4166/1024 1067/4165/1024 1069/4164/1024 1071/4163/1024 1073/4162/1024 1075/4161/1024 1077/4160/1024 1079/4159/1024
f 1080/4182/1025 1078/4181/1025 1076/4180/1025 1074/4179/1025 1072/4178/1025 1070/4177/1025 1068/4176/1025 1066/4175/1025 1064/4174/1025 1062/4173/1025 1059/4172/1025 1060/4171/1025
